,forename,surname,year,wins,points
0,Adolf,Brudes,1952,0,0.0
1,Adolfo,Cruz,1953,0,0.0
2,Adrian,Sutil,2007,0,1.0
3,Adrian,Sutil,2008,0,0.0
4,Adrian,Sutil,2009,0,5.0
5,Adrian,Sutil,2010,0,47.0
6,Adrian,Sutil,2011,0,42.0
7,Adrian,Sutil,2013,0,29.0
8,Adrian,Sutil,2014,0,0.0
9,Adrián,Campos,1987,0,0.0
10,Adrián,Campos,1988,0,0.0
11,Aguri,Suzuki,1988,0,0.0
12,Aguri,Suzuki,1989,0,0.0
13,Aguri,Suzuki,1990,0,6.0
14,Aguri,Suzuki,1991,0,1.0
15,Aguri,Suzuki,1992,0,0.0
16,Aguri,Suzuki,1993,0,0.0
17,Aguri,Suzuki,1994,0,0.0
18,Aguri,Suzuki,1995,0,1.0
19,Al,Herman,1955,0,0.0
20,Al,Herman,1956,0,0.0
21,Al,Herman,1957,0,0.0
22,Al,Herman,1959,0,0.0
23,Al,Herman,1960,0,0.0
24,Al,Keller,1955,0,0.0
25,Al,Keller,1956,0,0.0
26,Al,Keller,1957,0,0.0
27,Al,Keller,1958,0,0.0
28,Al,Keller,1959,0,0.0
29,Al,Pease,1967,0,0.0
30,Alain,Prost,1980,0,5.0
31,Alain,Prost,1981,3,43.0
32,Alain,Prost,1982,2,34.0
33,Alain,Prost,1983,4,57.0
34,Alain,Prost,1984,7,71.5
35,Alain,Prost,1985,5,73.0
36,Alain,Prost,1986,4,72.0
37,Alain,Prost,1987,3,46.0
38,Alain,Prost,1988,7,87.0
39,Alain,Prost,1989,4,76.0
40,Alain,Prost,1990,5,71.0
41,Alain,Prost,1991,0,34.0
42,Alain,Prost,1993,7,99.0
43,Alain,de Changy,1959,0,0.0
44,Alan,Brown,1952,0,2.0
45,Alan,Brown,1953,0,0.0
46,Alan,Brown,1954,0,0.0
47,Alan,Jones,1975,0,2.0
48,Alan,Jones,1976,0,7.0
49,Alan,Jones,1977,1,22.0
50,Alan,Jones,1978,0,11.0
51,Alan,Jones,1979,4,40.0
52,Alan,Jones,1980,5,67.0
53,Alan,Jones,1981,2,46.0
54,Alan,Jones,1983,0,0.0
55,Alan,Jones,1985,0,0.0
56,Alan,Jones,1986,0,4.0
57,Alan,Rees,1967,0,0.0
58,Alan,Rollinson,1965,0,0.0
59,Alan,Stacey,1958,0,0.0
60,Alan,Stacey,1959,0,0.0
61,Alan,Stacey,1960,0,0.0
62,Albert,Scherrer,1953,0,0.0
63,Alberto,Ascari,1950,0,11.0
64,Alberto,Ascari,1951,2,25.0
65,Alberto,Ascari,1952,6,36.0
66,Alberto,Ascari,1953,5,34.5
67,Alberto,Ascari,1954,0,1.0
68,Alberto,Ascari,1955,0,0.0
69,Alberto,Colombo,1978,0,0.0
70,Alberto,Crespo,1952,0,0.0
71,Alberto,Uria,1955,0,0.0
72,Alberto,Uria,1956,0,0.0
73,Alberto Rodriguez,Larreta,1960,0,0.0
74,Aldo,Gordini,1951,0,0.0
75,Alessandro,Nannini,1986,0,0.0
76,Alessandro,Nannini,1987,0,0.0
77,Alessandro,Nannini,1988,0,12.0
78,Alessandro,Nannini,1989,1,32.0
79,Alessandro,Nannini,1990,0,21.0
80,Alessandro,Pesenti-Rossi,1976,0,0.0
81,Alessandro,Zanardi,1991,0,0.0
82,Alessandro,Zanardi,1993,0,1.0
83,Alessandro,Zanardi,1994,0,0.0
84,Alessandro,Zanardi,1999,0,0.0
85,Alessandro,de Tomaso,1957,0,0.0
86,Alessandro,de Tomaso,1959,0,0.0
87,Alex,Blignaut,1965,0,0.0
88,Alex,Caffi,1986,0,0.0
89,Alex,Caffi,1987,0,0.0
90,Alex,Caffi,1988,0,0.0
91,Alex,Caffi,1989,0,4.0
92,Alex,Caffi,1990,0,2.0
93,Alex,Caffi,1991,0,0.0
94,Alex,Ribeiro,1976,0,0.0
95,Alex,Ribeiro,1977,0,0.0
96,Alex,Ribeiro,1979,0,0.0
97,Alex,Soler-Roig,1970,0,0.0
98,Alex,Soler-Roig,1971,0,0.0
99,Alex,Soler-Roig,1972,0,0.0
100,Alex,Yoong,2001,0,0.0
101,Alex,Yoong,2002,0,0.0
102,Alexander,Albon,2019,0,92.0
103,Alexander,Albon,2020,0,64.0
104,Alexander,Rossi,2015,0,0.0
105,Alexander,Wurz,1997,0,4.0
106,Alexander,Wurz,1998,0,17.0
107,Alexander,Wurz,1999,0,3.0
108,Alexander,Wurz,2000,0,2.0
109,Alexander,Wurz,2005,0,6.0
110,Alexander,Wurz,2007,0,13.0
111,Alfonso,Thiele,1960,0,0.0
112,Alfonso,Thiele,1961,0,0.0
113,Alfonso,de Portago,1956,0,3.0
114,Alfonso,de Portago,1957,0,1.0
115,Alfredo,Pián,1950,0,0.0
116,Allan,McNish,2002,0,0.0
117,Allen,Berg,1986,0,0.0
118,Andrea,Montermini,1994,0,0.0
119,Andrea,Montermini,1995,0,0.0
120,Andrea,Montermini,1996,0,0.0
121,Andrea,de Adamich,1968,0,0.0
122,Andrea,de Adamich,1970,0,0.0
123,Andrea,de Adamich,1971,0,0.0
124,Andrea,de Adamich,1972,0,3.0
125,Andrea,de Adamich,1973,0,3.0
126,Andrea,de Cesaris,1980,0,0.0
127,Andrea,de Cesaris,1981,0,1.0
128,Andrea,de Cesaris,1982,0,5.0
129,Andrea,de Cesaris,1983,0,15.0
130,Andrea,de Cesaris,1984,0,3.0
131,Andrea,de Cesaris,1985,0,3.0
132,Andrea,de Cesaris,1986,0,0.0
133,Andrea,de Cesaris,1987,0,4.0
134,Andrea,de Cesaris,1988,0,3.0
135,Andrea,de Cesaris,1989,0,4.0
136,Andrea,de Cesaris,1990,0,0.0
137,Andrea,de Cesaris,1991,0,9.0
138,Andrea,de Cesaris,1992,0,8.0
139,Andrea,de Cesaris,1993,0,0.0
140,Andrea,de Cesaris,1994,0,4.0
141,André,Guelfi,1958,0,0.0
142,André,Lotterer,2014,0,0.0
143,André,Milhoux,1956,0,0.0
144,André,Pilette,1951,0,0.0
145,André,Pilette,1953,0,0.0
146,André,Pilette,1954,0,2.0
147,André,Pilette,1956,0,0.0
148,André,Pilette,1961,0,0.0
149,André,Pilette,1963,0,0.0
150,André,Pilette,1964,0,0.0
151,André,Simon,1951,0,0.0
152,André,Simon,1952,0,0.0
153,André,Simon,1955,0,0.0
154,André,Simon,1956,0,0.0
155,André,Simon,1957,0,0.0
156,André,Testut,1958,0,0.0
157,André,Testut,1959,0,0.0
158,Andy,Linden,1951,0,3.0
159,Andy,Linden,1952,0,0.0
160,Andy,Linden,1953,0,0.0
161,Andy,Linden,1954,0,0.0
162,Andy,Linden,1955,0,0.0
163,Andy,Linden,1956,0,0.0
164,Andy,Linden,1957,0,2.0
165,Andy,Sutcliffe,1977,0,0.0
166,Anthony,Davidson,2005,0,0.0
167,Anthony,Davidson,2007,0,0.0
168,Anthony,Davidson,2008,0,0.0
169,Anthony,Foyt,1958,0,0.0
170,Anthony,Foyt,1959,0,0.0
171,Anthony,Foyt,1960,0,0.0
172,Antonio,Creus,1960,0,0.0
173,Antonio,Giovinazzi,2017,0,0.0
174,Antonio,Giovinazzi,2019,0,14.0
175,Antonio,Giovinazzi,2020,0,3.0
176,Antônio,Pizzonia,2003,0,0.0
177,Antônio,Pizzonia,2004,0,6.0
178,Antônio,Pizzonia,2005,0,2.0
179,Archie,Scott Brown,1956,0,0.0
180,Art,Bisch,1958,0,0.0
181,Art,Cross,1952,0,2.0
182,Art,Cross,1953,0,6.0
183,Art,Cross,1954,0,0.0
184,Art,Cross,1955,0,0.0
185,Arthur,Legat,1952,0,0.0
186,Arthur,Legat,1953,0,0.0
187,Arthur,Owen,1960,0,0.0
188,Arturo,Merzario,1972,0,1.0
189,Arturo,Merzario,1973,0,6.0
190,Arturo,Merzario,1974,0,4.0
191,Arturo,Merzario,1975,0,0.0
192,Arturo,Merzario,1976,0,0.0
193,Arturo,Merzario,1977,0,0.0
194,Arturo,Merzario,1978,0,0.0
195,Arturo,Merzario,1979,0,0.0
196,Ayrton,Senna,1984,0,13.0
197,Ayrton,Senna,1985,2,38.0
198,Ayrton,Senna,1986,2,55.0
199,Ayrton,Senna,1987,2,57.0
200,Ayrton,Senna,1988,8,90.0
201,Ayrton,Senna,1989,6,60.0
202,Ayrton,Senna,1990,6,78.0
203,Ayrton,Senna,1991,7,96.0
204,Ayrton,Senna,1992,3,50.0
205,Ayrton,Senna,1993,5,73.0
206,Ayrton,Senna,1994,0,0.0
207,Azdrubal,Fontes,1959,0,0.0
208,Basil,van Rooyen,1968,0,0.0
209,Basil,van Rooyen,1969,0,0.0
210,Bayliss,Levrett,1950,0,0.0
211,Ben,Pon,1962,0,0.0
212,Beppe,Gabbiani,1978,0,0.0
213,Beppe,Gabbiani,1981,0,0.0
214,Bernard,Collomb,1961,0,0.0
215,Bernard,Collomb,1962,0,0.0
216,Bernard,Collomb,1963,0,0.0
217,Bernard,Collomb,1964,0,0.0
218,Bernard,de Dryver,1977,0,0.0
219,Bernd,Schneider,1988,0,0.0
220,Bernd,Schneider,1989,0,0.0
221,Bernd,Schneider,1990,0,0.0
222,Bernie,Ecclestone,1958,0,0.0
223,Bertil,Roos,1974,0,0.0
224,Bertrand,Gachot,1989,0,0.0
225,Bertrand,Gachot,1990,0,0.0
226,Bertrand,Gachot,1991,0,4.0
227,Bertrand,Gachot,1992,0,1.0
228,Bertrand,Gachot,1994,0,0.0
229,Bertrand,Gachot,1995,0,0.0
230,Bill,Aston,1952,0,0.0
231,Bill,Brack,1968,0,0.0
232,Bill,Brack,1969,0,0.0
233,Bill,Brack,1972,0,0.0
234,Bill,Cantrell,1950,0,0.0
235,Bill,Cheesbourg,1957,0,0.0
236,Bill,Cheesbourg,1958,0,0.0
237,Bill,Cheesbourg,1959,0,0.0
238,Bill,Holland,1950,0,6.0
239,Bill,Holland,1953,0,0.0
240,Bill,Homeier,1954,0,0.0
241,Bill,Homeier,1955,0,1.0
242,Bill,Homeier,1960,0,0.0
243,Bill,Mackey,1951,0,0.0
244,Bill,Moss,1959,0,0.0
245,Bill,Schindler,1950,0,0.0
246,Bill,Schindler,1951,0,0.0
247,Bill,Schindler,1952,0,0.0
248,Bill,Vukovich,1951,0,0.0
249,Bill,Vukovich,1952,0,1.0
250,Bill,Vukovich,1953,1,9.0
251,Bill,Vukovich,1954,1,8.0
252,Bill,Vukovich,1955,0,1.0
253,Bill,Whitehouse,1954,0,0.0
254,Billy,Garrett,1956,0,0.0
255,Billy,Garrett,1958,0,0.0
256,Bob,Anderson,1963,0,0.0
257,Bob,Anderson,1964,0,5.0
258,Bob,Anderson,1965,0,0.0
259,Bob,Anderson,1966,0,1.0
260,Bob,Anderson,1967,0,2.0
261,Bob,Bondurant,1965,0,0.0
262,Bob,Bondurant,1966,0,3.0
263,Bob,Christie,1956,0,0.0
264,Bob,Christie,1957,0,0.0
265,Bob,Christie,1958,0,0.0
266,Bob,Christie,1959,0,0.0
267,Bob,Christie,1960,0,0.0
268,Bob,Drake,1960,0,0.0
269,Bob,Evans,1975,0,0.0
270,Bob,Evans,1976,0,0.0
271,Bob,Gerard,1950,0,0.0
272,Bob,Gerard,1951,0,0.0
273,Bob,Gerard,1953,0,0.0
274,Bob,Gerard,1954,0,0.0
275,Bob,Gerard,1956,0,0.0
276,Bob,Gerard,1957,0,0.0
277,Bob,Said,1959,0,0.0
278,Bob,Scott,1952,0,0.0
279,Bob,Scott,1953,0,0.0
280,Bob,Scott,1954,0,0.0
281,Bob,Sweikert,1952,0,0.0
282,Bob,Sweikert,1953,0,0.0
283,Bob,Sweikert,1954,0,0.0
284,Bob,Sweikert,1955,1,8.0
285,Bob,Sweikert,1956,0,0.0
286,Bob,Veith,1956,0,0.0
287,Bob,Veith,1957,0,0.0
288,Bob,Veith,1958,0,0.0
289,Bob,Veith,1959,0,0.0
290,Bob,Veith,1960,0,0.0
291,Bobby,Ball,1951,0,2.0
292,Bobby,Ball,1952,0,0.0
293,Bobby,Grim,1959,0,0.0
294,Bobby,Grim,1960,0,0.0
295,Bobby,Rahal,1978,0,0.0
296,Bobby,Unser,1968,0,0.0
297,Boy,Lunger,1976,0,0.0
298,Boy,Lunger,1977,0,0.0
299,Brausch,Niemann,1963,0,0.0
300,Brausch,Niemann,1965,0,0.0
301,Brendon,Hartley,2017,0,0.0
302,Brendon,Hartley,2018,0,4.0
303,Brett,Lunger,1975,0,0.0
304,Brett,Lunger,1976,0,0.0
305,Brett,Lunger,1977,0,0.0
306,Brett,Lunger,1978,0,0.0
307,Brian,Gubby,1965,0,0.0
308,Brian,Hart,1967,0,0.0
309,Brian,Henton,1975,0,0.0
310,Brian,Henton,1977,0,0.0
311,Brian,Henton,1981,0,0.0
312,Brian,Henton,1982,0,0.0
313,Brian,McGuire,1977,0,0.0
314,Brian,Naylor,1957,0,0.0
315,Brian,Naylor,1958,0,0.0
316,Brian,Naylor,1959,0,0.0
317,Brian,Naylor,1960,0,0.0
318,Brian,Naylor,1961,0,0.0
319,Brian,Redman,1968,0,4.0
320,Brian,Redman,1970,0,0.0
321,Brian,Redman,1971,0,0.0
322,Brian,Redman,1972,0,4.0
323,Brian,Redman,1974,0,0.0
324,Brian,Shawe Taylor,1950,0,0.0
325,Brian,Shawe Taylor,1951,0,0.0
326,Bruce,Halford,1956,0,0.0
327,Bruce,Halford,1957,0,0.0
328,Bruce,Halford,1959,0,0.0
329,Bruce,Halford,1960,0,0.0
330,Bruce,Johnstone,1962,0,0.0
331,Bruce,Kessler,1958,0,0.0
332,Bruce,McLaren,1958,0,0.0
333,Bruce,McLaren,1959,1,16.5
334,Bruce,McLaren,1960,1,34.0
335,Bruce,McLaren,1961,0,11.0
336,Bruce,McLaren,1962,1,27.0
337,Bruce,McLaren,1963,0,17.0
338,Bruce,McLaren,1964,0,13.0
339,Bruce,McLaren,1965,0,10.0
340,Bruce,McLaren,1966,0,3.0
341,Bruce,McLaren,1967,0,3.0
342,Bruce,McLaren,1968,1,22.0
343,Bruce,McLaren,1969,0,26.0
344,Bruce,McLaren,1970,0,6.0
345,Bruno,Giacomelli,1977,0,0.0
346,Bruno,Giacomelli,1978,0,0.0
347,Bruno,Giacomelli,1979,0,0.0
348,Bruno,Giacomelli,1980,0,4.0
349,Bruno,Giacomelli,1981,0,7.0
350,Bruno,Giacomelli,1982,0,2.0
351,Bruno,Giacomelli,1983,0,1.0
352,Bruno,Giacomelli,1990,0,0.0
353,Bruno,Senna,2010,0,0.0
354,Bruno,Senna,2011,0,2.0
355,Bruno,Senna,2012,0,31.0
356,Bud,Tingelstad,1960,0,0.0
357,Cal,Niday,1953,0,0.0
358,Cal,Niday,1954,0,0.0
359,Cal,Niday,1955,0,0.0
360,Carel Godin,de Beaufort,1957,0,0.0
361,Carel Godin,de Beaufort,1958,0,0.0
362,Carel Godin,de Beaufort,1959,0,0.0
363,Carel Godin,de Beaufort,1960,0,0.0
364,Carel Godin,de Beaufort,1961,0,0.0
365,Carel Godin,de Beaufort,1962,0,2.0
366,Carel Godin,de Beaufort,1963,0,2.0
367,Carel Godin,de Beaufort,1964,0,0.0
368,Carl,Forberg,1951,0,0.0
369,Carl,Scarborough,1951,0,0.0
370,Carl,Scarborough,1953,0,0.0
371,Carlo,Abate,1962,0,0.0
372,Carlo,Abate,1963,0,0.0
373,Carlo,Facetti,1974,0,0.0
374,Carlo,Franchi,1978,0,0.0
375,Carlos,Menditeguy,1953,0,0.0
376,Carlos,Menditeguy,1954,0,0.0
377,Carlos,Menditeguy,1955,0,2.0
378,Carlos,Menditeguy,1956,0,0.0
379,Carlos,Menditeguy,1957,0,4.0
380,Carlos,Menditeguy,1958,0,0.0
381,Carlos,Menditeguy,1960,0,3.0
382,Carlos,Pace,1972,0,3.0
383,Carlos,Pace,1973,0,7.0
384,Carlos,Pace,1974,0,11.0
385,Carlos,Pace,1975,1,24.0
386,Carlos,Pace,1976,0,7.0
387,Carlos,Pace,1977,0,6.0
388,Carlos,Reutemann,1972,0,3.0
389,Carlos,Reutemann,1973,0,16.0
390,Carlos,Reutemann,1974,3,32.0
391,Carlos,Reutemann,1975,1,37.0
392,Carlos,Reutemann,1976,0,3.0
393,Carlos,Reutemann,1977,1,42.0
394,Carlos,Reutemann,1978,4,48.0
395,Carlos,Reutemann,1979,0,20.0
396,Carlos,Reutemann,1980,1,42.0
397,Carlos,Reutemann,1981,2,49.0
398,Carlos,Reutemann,1982,0,6.0
399,Carlos,Sainz,2015,0,18.0
400,Carlos,Sainz,2016,0,46.0
401,Carlos,Sainz,2017,0,54.0
402,Carlos,Sainz,2018,0,53.0
403,Carlos,Sainz,2019,0,96.0
404,Carlos,Sainz,2020,0,59.0
405,Carroll,Shelby,1958,0,0.0
406,Carroll,Shelby,1959,0,0.0
407,Cecil,Green,1950,0,3.0
408,Cecil,Green,1951,0,0.0
409,Cesare,Perdisa,1955,0,2.0
410,Cesare,Perdisa,1956,0,3.0
411,Cesare,Perdisa,1957,0,0.0
412,Charles,Leclerc,2018,0,39.0
413,Charles,Leclerc,2019,2,264.0
414,Charles,Leclerc,2020,0,75.0
415,Charles,Pic,2012,0,0.0
416,Charles,Pic,2013,0,0.0
417,Charles,Pozzi,1950,0,0.0
418,Charles,de Tornaco,1952,0,0.0
419,Chet,Miller,1951,0,0.0
420,Chet,Miller,1952,0,0.0
421,Chico,Landi,1951,0,0.0
422,Chico,Landi,1952,0,0.0
423,Chico,Landi,1953,0,0.0
424,Chico,Landi,1956,0,1.5
425,Chico,Serra,1981,0,0.0
426,Chico,Serra,1982,0,1.0
427,Chico,Serra,1983,0,0.0
428,Chris,Amon,1963,0,0.0
429,Chris,Amon,1964,0,2.0
430,Chris,Amon,1965,0,0.0
431,Chris,Amon,1966,0,0.0
432,Chris,Amon,1967,0,20.0
433,Chris,Amon,1968,0,10.0
434,Chris,Amon,1969,0,4.0
435,Chris,Amon,1970,0,23.0
436,Chris,Amon,1971,0,9.0
437,Chris,Amon,1972,0,12.0
438,Chris,Amon,1973,0,1.0
439,Chris,Amon,1974,0,0.0
440,Chris,Amon,1975,0,0.0
441,Chris,Amon,1976,0,2.0
442,Chris,Bristow,1959,0,0.0
443,Chris,Bristow,1960,0,0.0
444,Chris,Craft,1971,0,0.0
445,Chris,Irwin,1966,0,0.0
446,Chris,Irwin,1967,0,2.0
447,Chris,Lawrence,1966,0,0.0
448,Christian,Danner,1985,0,0.0
449,Christian,Danner,1986,0,1.0
450,Christian,Danner,1987,0,0.0
451,Christian,Danner,1989,0,3.0
452,Christian,Fittipaldi,1992,0,1.0
453,Christian,Fittipaldi,1993,0,5.0
454,Christian,Fittipaldi,1994,0,6.0
455,Christian,Goethals,1958,0,0.0
456,Christian,Klien,2004,0,3.0
457,Christian,Klien,2005,0,9.0
458,Christian,Klien,2006,0,2.0
459,Christian,Klien,2010,0,0.0
460,Christijan,Albers,2005,0,4.0
461,Christijan,Albers,2006,0,0.0
462,Christijan,Albers,2007,0,0.0
463,Chuck,Arnold,1959,0,0.0
464,Chuck,Daigh,1960,0,0.0
465,Chuck,Stevenson,1951,0,0.0
466,Chuck,Stevenson,1952,0,0.0
467,Chuck,Stevenson,1953,0,0.0
468,Chuck,Stevenson,1954,0,0.0
469,Chuck,Stevenson,1960,0,0.0
470,Chuck,Weyant,1955,0,0.0
471,Chuck,Weyant,1957,0,0.0
472,Chuck,Weyant,1958,0,0.0
473,Chuck,Weyant,1959,0,0.0
474,Claudio,Langes,1990,0,0.0
475,Clay,Regazzoni,1970,1,33.0
476,Clay,Regazzoni,1971,0,13.0
477,Clay,Regazzoni,1972,0,15.0
478,Clay,Regazzoni,1973,0,2.0
479,Clay,Regazzoni,1974,1,52.0
480,Clay,Regazzoni,1975,1,25.0
481,Clay,Regazzoni,1976,1,31.0
482,Clay,Regazzoni,1977,0,5.0
483,Clay,Regazzoni,1978,0,4.0
484,Clay,Regazzoni,1979,1,29.0
485,Clay,Regazzoni,1980,0,0.0
486,Clemar,Bucci,1954,0,0.0
487,Clemar,Bucci,1955,0,0.0
488,Clemente,Biondetti,1950,0,0.0
489,Cliff,Allison,1958,0,3.0
490,Cliff,Allison,1959,0,2.0
491,Cliff,Allison,1960,0,6.0
492,Cliff,Allison,1961,0,0.0
493,Cliff,Griffith,1951,0,0.0
494,Cliff,Griffith,1952,0,0.0
495,Cliff,Griffith,1956,0,0.0
496,Clive,Puzey,1965,0,0.0
497,Colin,Chapman,1956,0,0.0
498,Colin,Davis,1959,0,0.0
499,Colin,Davis,1962,0,0.0
500,Conny,Andersson,1976,0,0.0
501,Conny,Andersson,1977,0,0.0
502,Consalvo,Sanesi,1950,0,0.0
503,Consalvo,Sanesi,1951,0,3.0
504,Corrado,Fabi,1983,0,0.0
505,Corrado,Fabi,1984,0,0.0
506,Cristiano,da Matta,2003,0,10.0
507,Cristiano,da Matta,2004,0,3.0
508,Cuth,Harrison,1950,0,0.0
509,Damien,Magee,1975,0,0.0
510,Damien,Magee,1976,0,0.0
511,Damon,Hill,1992,0,0.0
512,Damon,Hill,1993,3,69.0
513,Damon,Hill,1994,6,91.0
514,Damon,Hill,1995,4,69.0
515,Damon,Hill,1996,8,97.0
516,Damon,Hill,1997,0,7.0
517,Damon,Hill,1998,1,20.0
518,Damon,Hill,1999,0,7.0
519,Dan,Gurney,1959,0,13.0
520,Dan,Gurney,1960,0,0.0
521,Dan,Gurney,1961,0,21.0
522,Dan,Gurney,1962,1,15.0
523,Dan,Gurney,1963,0,19.0
524,Dan,Gurney,1964,2,19.0
525,Dan,Gurney,1965,0,25.0
526,Dan,Gurney,1966,0,4.0
527,Dan,Gurney,1967,1,13.0
528,Dan,Gurney,1968,0,3.0
529,Dan,Gurney,1970,0,1.0
530,Daniel,Ricciardo,2011,0,0.0
531,Daniel,Ricciardo,2012,0,10.0
532,Daniel,Ricciardo,2013,0,20.0
533,Daniel,Ricciardo,2014,3,238.0
534,Daniel,Ricciardo,2015,0,92.0
535,Daniel,Ricciardo,2016,1,256.0
536,Daniel,Ricciardo,2017,1,200.0
537,Daniel,Ricciardo,2018,2,170.0
538,Daniel,Ricciardo,2019,0,54.0
539,Daniel,Ricciardo,2020,0,80.0
540,Daniil,Kvyat,2014,0,8.0
541,Daniil,Kvyat,2015,0,95.0
542,Daniil,Kvyat,2016,0,25.0
543,Daniil,Kvyat,2017,0,5.0
544,Daniil,Kvyat,2019,0,37.0
545,Daniil,Kvyat,2020,0,14.0
546,Danny,Kladis,1954,0,0.0
547,Danny,Ongais,1977,0,0.0
548,Danny,Ongais,1978,0,0.0
549,Danny,Sullivan,1983,0,2.0
550,Dave,Charlton,1965,0,0.0
551,Dave,Charlton,1967,0,0.0
552,Dave,Charlton,1968,0,0.0
553,Dave,Charlton,1970,0,0.0
554,Dave,Charlton,1971,0,0.0
555,Dave,Charlton,1972,0,0.0
556,Dave,Charlton,1973,0,0.0
557,Dave,Charlton,1974,0,0.0
558,Dave,Charlton,1975,0,0.0
559,Dave,Kennedy,1980,0,0.0
560,Dave,Morgan,1975,0,0.0
561,David,Brabham,1990,0,0.0
562,David,Brabham,1994,0,0.0
563,David,Clapham,1965,0,0.0
564,David,Coulthard,1994,0,14.0
565,David,Coulthard,1995,1,49.0
566,David,Coulthard,1996,0,18.0
567,David,Coulthard,1997,2,36.0
568,David,Coulthard,1998,1,56.0
569,David,Coulthard,1999,2,48.0
570,David,Coulthard,2000,3,73.0
571,David,Coulthard,2001,2,65.0
572,David,Coulthard,2002,1,41.0
573,David,Coulthard,2003,1,51.0
574,David,Coulthard,2004,0,24.0
575,David,Coulthard,2005,0,24.0
576,David,Coulthard,2006,0,14.0
577,David,Coulthard,2007,0,14.0
578,David,Coulthard,2008,0,8.0
579,David,Hampshire,1950,0,0.0
580,David,Hobbs,1967,0,0.0
581,David,Hobbs,1968,0,0.0
582,David,Hobbs,1971,0,0.0
583,David,Hobbs,1974,0,0.0
584,David,Murray,1950,0,0.0
585,David,Murray,1951,0,0.0
586,David,Murray,1952,0,0.0
587,David,Piper,1959,0,0.0
588,David,Piper,1960,0,0.0
589,David,Prophet,1963,0,0.0
590,David,Prophet,1965,0,0.0
591,David,Purley,1973,0,0.0
592,David,Purley,1974,0,0.0
593,David,Purley,1977,0,0.0
594,David,Walker,1971,0,0.0
595,David,Walker,1972,0,0.0
596,Dempsey,Wilson,1958,0,0.0
597,Dempsey,Wilson,1960,0,0.0
598,Dennis,Poore,1952,0,3.0
599,Dennis,Taylor,1959,0,0.0
600,Denny,Hulme,1965,0,5.0
601,Denny,Hulme,1966,0,18.0
602,Denny,Hulme,1967,2,51.0
603,Denny,Hulme,1968,2,33.0
604,Denny,Hulme,1969,1,20.0
605,Denny,Hulme,1970,0,27.0
606,Denny,Hulme,1971,0,9.0
607,Denny,Hulme,1972,1,39.0
608,Denny,Hulme,1973,1,26.0
609,Denny,Hulme,1974,1,20.0
610,Derek,Bell,1968,0,0.0
611,Derek,Bell,1969,0,0.0
612,Derek,Bell,1970,0,1.0
613,Derek,Bell,1971,0,0.0
614,Derek,Bell,1972,0,0.0
615,Derek,Bell,1974,0,0.0
616,Derek,Daly,1978,0,1.0
617,Derek,Daly,1979,0,0.0
618,Derek,Daly,1980,0,6.0
619,Derek,Daly,1981,0,0.0
620,Derek,Daly,1982,0,8.0
621,Derek,Warwick,1981,0,0.0
622,Derek,Warwick,1982,0,0.0
623,Derek,Warwick,1983,0,9.0
624,Derek,Warwick,1984,0,23.0
625,Derek,Warwick,1985,0,5.0
626,Derek,Warwick,1986,0,0.0
627,Derek,Warwick,1987,0,3.0
628,Derek,Warwick,1988,0,17.0
629,Derek,Warwick,1989,0,7.0
630,Derek,Warwick,1990,0,3.0
631,Derek,Warwick,1993,0,4.0
632,Desiré,Wilson,1980,0,0.0
633,Desmond,Titterington,1956,0,0.0
634,Dick,Gibson,1957,0,0.0
635,Dick,Gibson,1958,0,0.0
636,Dick,Rathmann,1950,0,0.0
637,Dick,Rathmann,1956,0,2.0
638,Dick,Rathmann,1958,0,0.0
639,Dick,Rathmann,1959,0,0.0
640,Dick,Rathmann,1960,0,0.0
641,Didier,Pironi,1978,0,7.0
642,Didier,Pironi,1979,0,14.0
643,Didier,Pironi,1980,1,32.0
644,Didier,Pironi,1981,0,9.0
645,Didier,Pironi,1982,2,39.0
646,Dieter,Quester,1974,0,0.0
647,Divina,Galica,1976,0,0.0
648,Divina,Galica,1978,0,0.0
649,Domenico,Schiattarella,1994,0,0.0
650,Domenico,Schiattarella,1995,0,0.0
651,Don,Beauman,1954,0,0.0
652,Don,Branson,1959,0,0.0
653,Don,Branson,1960,0,3.0
654,Don,Edmunds,1957,0,0.0
655,Don,Freeland,1953,0,0.0
656,Don,Freeland,1954,0,0.0
657,Don,Freeland,1955,0,0.0
658,Don,Freeland,1956,0,4.0
659,Don,Freeland,1957,0,0.0
660,Don,Freeland,1958,0,0.0
661,Don,Freeland,1959,0,0.0
662,Don,Freeland,1960,0,0.0
663,Dorino,Serafini,1950,0,3.0
664,Doug,Serrurier,1962,0,0.0
665,Doug,Serrurier,1963,0,0.0
666,Doug,Serrurier,1965,0,0.0
667,Dries,van der Lof,1952,0,0.0
668,Duane,Carter,1950,0,0.0
669,Duane,Carter,1951,0,0.0
670,Duane,Carter,1952,0,3.0
671,Duane,Carter,1953,0,2.0
672,Duane,Carter,1954,0,1.5
673,Duane,Carter,1955,0,0.0
674,Duane,Carter,1959,0,0.0
675,Duane,Carter,1960,0,0.0
676,Duke,Dinsmore,1950,0,0.0
677,Duke,Dinsmore,1951,0,0.0
678,Duke,Dinsmore,1953,0,0.0
679,Duke,Dinsmore,1956,0,0.0
680,Duke,Nalon,1951,0,0.0
681,Duke,Nalon,1952,0,0.0
682,Duke,Nalon,1953,0,0.0
683,Duncan,Hamilton,1951,0,0.0
684,Duncan,Hamilton,1952,0,0.0
685,Duncan,Hamilton,1953,0,0.0
686,Ed,Elisian,1954,0,0.0
687,Ed,Elisian,1955,0,0.0
688,Ed,Elisian,1956,0,0.0
689,Ed,Elisian,1957,0,0.0
690,Ed,Elisian,1958,0,0.0
691,Eddie,Cheever,1978,0,0.0
692,Eddie,Cheever,1980,0,0.0
693,Eddie,Cheever,1981,0,10.0
694,Eddie,Cheever,1982,0,15.0
695,Eddie,Cheever,1983,0,22.0
696,Eddie,Cheever,1984,0,3.0
697,Eddie,Cheever,1985,0,0.0
698,Eddie,Cheever,1986,0,0.0
699,Eddie,Cheever,1987,0,8.0
700,Eddie,Cheever,1988,0,6.0
701,Eddie,Cheever,1989,0,6.0
702,Eddie,Irvine,1993,0,1.0
703,Eddie,Irvine,1994,0,6.0
704,Eddie,Irvine,1995,0,10.0
705,Eddie,Irvine,1996,0,11.0
706,Eddie,Irvine,1997,0,24.0
707,Eddie,Irvine,1998,0,47.0
708,Eddie,Irvine,1999,4,74.0
709,Eddie,Irvine,2000,0,4.0
710,Eddie,Irvine,2001,0,6.0
711,Eddie,Irvine,2002,0,8.0
712,Eddie,Johnson,1952,0,0.0
713,Eddie,Johnson,1953,0,0.0
714,Eddie,Johnson,1954,0,0.0
715,Eddie,Johnson,1955,0,0.0
716,Eddie,Johnson,1956,0,0.0
717,Eddie,Johnson,1957,0,0.0
718,Eddie,Johnson,1958,0,0.0
719,Eddie,Johnson,1959,0,0.0
720,Eddie,Johnson,1960,0,1.0
721,Eddie,Keizan,1973,0,0.0
722,Eddie,Keizan,1974,0,0.0
723,Eddie,Keizan,1975,0,0.0
724,Eddie,Russo,1955,0,0.0
725,Eddie,Russo,1956,0,0.0
726,Eddie,Russo,1957,0,0.0
727,Eddie,Russo,1960,0,0.0
728,Eddie,Sachs,1957,0,0.0
729,Eddie,Sachs,1958,0,0.0
730,Eddie,Sachs,1959,0,0.0
731,Eddie,Sachs,1960,0,0.0
732,Edgar,Barth,1953,0,0.0
733,Edgar,Barth,1957,0,0.0
734,Edgar,Barth,1958,0,0.0
735,Edgar,Barth,1960,0,0.0
736,Edgar,Barth,1961,0,0.0
737,Edgar,Barth,1964,0,0.0
738,Eitel,Cantoni,1952,0,0.0
739,Elio,de Angelis,1979,0,3.0
740,Elio,de Angelis,1980,0,13.0
741,Elio,de Angelis,1981,0,14.0
742,Elio,de Angelis,1982,1,23.0
743,Elio,de Angelis,1983,0,2.0
744,Elio,de Angelis,1984,0,34.0
745,Elio,de Angelis,1985,1,33.0
746,Elio,de Angelis,1986,0,0.0
747,Eliseo,Salazar,1981,0,1.0
748,Eliseo,Salazar,1982,0,2.0
749,Eliseo,Salazar,1983,0,0.0
750,Elmer,George,1957,0,0.0
751,Emanuele,Naspetti,1992,0,0.0
752,Emanuele,Pirro,1989,0,2.0
753,Emanuele,Pirro,1990,0,0.0
754,Emanuele,Pirro,1991,0,1.0
755,Emerson,Fittipaldi,1970,1,12.0
756,Emerson,Fittipaldi,1971,0,16.0
757,Emerson,Fittipaldi,1972,5,61.0
758,Emerson,Fittipaldi,1973,3,55.0
759,Emerson,Fittipaldi,1974,3,55.0
760,Emerson,Fittipaldi,1975,2,45.0
761,Emerson,Fittipaldi,1976,0,3.0
762,Emerson,Fittipaldi,1977,0,11.0
763,Emerson,Fittipaldi,1978,0,17.0
764,Emerson,Fittipaldi,1979,0,1.0
765,Emerson,Fittipaldi,1980,0,5.0
766,Emilio,Zapico,1976,0,0.0
767,Emilio,de Villota,1976,0,0.0
768,Emilio,de Villota,1977,0,0.0
769,Emilio,de Villota,1978,0,0.0
770,Emilio,de Villota,1982,0,0.0
771,Enrico,Bertaggia,1989,0,0.0
772,Enrique,Bernoldi,2001,0,0.0
773,Enrique,Bernoldi,2002,0,0.0
774,Eppie,Wietzes,1974,0,0.0
775,Eric,Brandon,1952,0,0.0
776,Eric,Brandon,1954,0,0.0
777,Eric,Thompson,1952,0,2.0
778,Eric,van de Poele,1991,0,0.0
779,Eric,van de Poele,1992,0,0.0
780,Ernesto,Brambilla,1963,0,0.0
781,Ernesto,Prinoth,1961,0,0.0
782,Ernesto,Prinoth,1962,0,0.0
783,Ernie,McCoy,1953,0,0.0
784,Ernie,McCoy,1954,0,0.0
785,Ernie,Pieterse,1962,0,0.0
786,Ernie,Pieterse,1963,0,0.0
787,Ernie,Pieterse,1965,0,0.0
788,Ernie,de Vos,1963,0,0.0
789,Ernst,Klodwig,1952,0,0.0
790,Ernst,Klodwig,1953,0,0.0
791,Ernst,Loof,1953,0,0.0
792,Erwin,Bauer,1953,0,0.0
793,Esteban,Gutiérrez,2013,0,6.0
794,Esteban,Gutiérrez,2014,0,0.0
795,Esteban,Gutiérrez,2016,0,0.0
796,Esteban,Ocon,2016,0,0.0
797,Esteban,Ocon,2017,0,87.0
798,Esteban,Ocon,2018,0,49.0
799,Esteban,Ocon,2020,0,40.0
800,Esteban,Tuero,1998,0,0.0
801,Ettore,Chimeri,1960,0,0.0
802,Eugenio,Castellotti,1955,0,12.0
803,Eugenio,Castellotti,1956,0,7.5
804,Eugenio,Castellotti,1957,0,0.0
805,Eugène,Chaboud,1950,0,1.0
806,Eugène,Chaboud,1951,0,0.0
807,Eugène,Martin,1950,0,0.0
808,Fabrizio,Barbazza,1991,0,0.0
809,Fabrizio,Barbazza,1993,0,2.0
810,Felice,Bonetto,1950,0,2.0
811,Felice,Bonetto,1951,0,7.0
812,Felice,Bonetto,1952,0,2.0
813,Felice,Bonetto,1953,0,6.5
814,Felipe,Massa,2002,0,4.0
815,Felipe,Massa,2004,0,12.0
816,Felipe,Massa,2005,0,11.0
817,Felipe,Massa,2006,2,80.0
818,Felipe,Massa,2007,3,94.0
819,Felipe,Massa,2008,6,97.0
820,Felipe,Massa,2009,0,22.0
821,Felipe,Massa,2010,0,144.0
822,Felipe,Massa,2011,0,118.0
823,Felipe,Massa,2012,0,122.0
824,Felipe,Massa,2013,0,112.0
825,Felipe,Massa,2014,0,134.0
826,Felipe,Massa,2015,0,121.0
827,Felipe,Massa,2016,0,53.0
828,Felipe,Massa,2017,0,43.0
829,Felipe,Nasr,2015,0,27.0
830,Felipe,Nasr,2016,0,2.0
831,Fernando,Alonso,2001,0,0.0
832,Fernando,Alonso,2003,1,55.0
833,Fernando,Alonso,2004,0,59.0
834,Fernando,Alonso,2005,7,133.0
835,Fernando,Alonso,2006,7,134.0
836,Fernando,Alonso,2007,4,109.0
837,Fernando,Alonso,2008,2,61.0
838,Fernando,Alonso,2009,0,26.0
839,Fernando,Alonso,2010,5,252.0
840,Fernando,Alonso,2011,1,257.0
841,Fernando,Alonso,2012,3,278.0
842,Fernando,Alonso,2013,2,242.0
843,Fernando,Alonso,2014,0,161.0
844,Fernando,Alonso,2015,0,11.0
845,Fernando,Alonso,2016,0,54.0
846,Fernando,Alonso,2017,0,17.0
847,Fernando,Alonso,2018,0,50.0
848,Franck,Lagorce,1994,0,0.0
849,Franck,Montagny,2006,0,0.0
850,Franco,Comotti,1950,0,0.0
851,Franco,Comotti,1952,0,0.0
852,Franco,Forini,1987,0,0.0
853,Franco,Rol,1950,0,0.0
854,Franco,Rol,1951,0,0.0
855,Franco,Rol,1952,0,0.0
856,Frank,Armi,1954,0,0.0
857,Frank,Dochnal,1963,0,0.0
858,Frank,Gardner,1964,0,0.0
859,Frank,Gardner,1965,0,0.0
860,Frank,Gardner,1968,0,0.0
861,François,Cevert,1970,0,1.0
862,François,Cevert,1971,1,26.0
863,François,Cevert,1972,0,15.0
864,François,Cevert,1973,0,47.0
865,François,Hesnault,1984,0,0.0
866,François,Hesnault,1985,0,0.0
867,François,Mazet,1971,0,0.0
868,François,Migault,1972,0,0.0
869,François,Migault,1974,0,0.0
870,François,Migault,1975,0,0.0
871,François,Picard,1958,0,0.0
872,Fred,Agabashian,1950,0,0.0
873,Fred,Agabashian,1951,0,0.0
874,Fred,Agabashian,1952,0,0.0
875,Fred,Agabashian,1953,0,1.5
876,Fred,Agabashian,1954,0,0.0
877,Fred,Agabashian,1955,0,0.0
878,Fred,Agabashian,1956,0,0.0
879,Fred,Agabashian,1957,0,0.0
880,Fred,Gamble,1960,0,0.0
881,Fred,Wacker,1953,0,0.0
882,Fred,Wacker,1954,0,0.0
883,Fritz,Riess,1952,0,0.0
884,Fritz,d'Orey,1959,0,0.0
885,Gabriele,Tarquini,1987,0,0.0
886,Gabriele,Tarquini,1988,0,0.0
887,Gabriele,Tarquini,1989,0,1.0
888,Gabriele,Tarquini,1990,0,0.0
889,Gabriele,Tarquini,1991,0,0.0
890,Gabriele,Tarquini,1992,0,0.0
891,Gabriele,Tarquini,1995,0,0.0
892,Gaetano,Starrabba,1961,0,0.0
893,Gaetano,Starrabba,1963,0,0.0
894,Gary,Brabham,1990,0,0.0
895,Gary,Hocking,1962,0,0.0
896,Gastón,Mazzacane,2000,0,0.0
897,Gastón,Mazzacane,2001,0,0.0
898,Gene,Force,1951,0,0.0
899,Gene,Force,1960,0,0.0
900,Gene,Hartley,1950,0,0.0
901,Gene,Hartley,1952,0,0.0
902,Gene,Hartley,1953,0,0.0
903,Gene,Hartley,1954,0,0.0
904,Gene,Hartley,1956,0,0.0
905,Gene,Hartley,1957,0,0.0
906,Gene,Hartley,1959,0,0.0
907,Gene,Hartley,1960,0,0.0
908,Geoff,Crossley,1950,0,0.0
909,Geoff,Duke,1961,0,0.0
910,Geoff,Lees,1978,0,0.0
911,Geoff,Lees,1979,0,0.0
912,Geoff,Lees,1980,0,0.0
913,Geoff,Lees,1982,0,0.0
914,George,Abecassis,1951,0,0.0
915,George,Abecassis,1952,0,0.0
916,George,Amick,1958,0,6.0
917,George,Connor,1950,0,0.0
918,George,Connor,1951,0,0.0
919,George,Connor,1952,0,0.0
920,George,Constantine,1959,0,0.0
921,George,Eaton,1969,0,0.0
922,George,Eaton,1970,0,0.0
923,George,Eaton,1971,0,0.0
924,George,Follmer,1973,0,5.0
925,George,Fonder,1952,0,0.0
926,George,Fonder,1954,0,0.0
927,George,Russell,2019,0,0.0
928,George,Russell,2020,0,0.0
929,Georges,Berger,1953,0,0.0
930,Georges,Berger,1954,0,0.0
931,Georges,Grignard,1951,0,0.0
932,Gerhard,Berger,1984,0,0.0
933,Gerhard,Berger,1985,0,3.0
934,Gerhard,Berger,1986,1,17.0
935,Gerhard,Berger,1987,2,36.0
936,Gerhard,Berger,1988,1,41.0
937,Gerhard,Berger,1989,1,21.0
938,Gerhard,Berger,1990,0,43.0
939,Gerhard,Berger,1991,1,43.0
940,Gerhard,Berger,1992,2,49.0
941,Gerhard,Berger,1993,0,12.0
942,Gerhard,Berger,1994,1,41.0
943,Gerhard,Berger,1995,0,31.0
944,Gerhard,Berger,1996,0,21.0
945,Gerhard,Berger,1997,1,27.0
946,Gerhard,Mitter,1963,0,3.0
947,Gerhard,Mitter,1964,0,0.0
948,Gerhard,Mitter,1965,0,0.0
949,Gerino,Gerini,1956,0,1.5
950,Gerino,Gerini,1958,0,0.0
951,Gerry,Ashmore,1961,0,0.0
952,Gerry,Ashmore,1962,0,0.0
953,Giacomo,Russo,1964,0,0.0
954,Giacomo,Russo,1965,0,0.0
955,Giacomo,Russo,1966,0,0.0
956,Giancarlo,Baghetti,1961,1,9.0
957,Giancarlo,Baghetti,1962,0,5.0
958,Giancarlo,Baghetti,1963,0,0.0
959,Giancarlo,Baghetti,1964,0,0.0
960,Giancarlo,Baghetti,1965,0,0.0
961,Giancarlo,Baghetti,1966,0,0.0
962,Giancarlo,Baghetti,1967,0,0.0
963,Giancarlo,Fisichella,1996,0,0.0
964,Giancarlo,Fisichella,1997,0,20.0
965,Giancarlo,Fisichella,1998,0,16.0
966,Giancarlo,Fisichella,1999,0,13.0
967,Giancarlo,Fisichella,2000,0,18.0
968,Giancarlo,Fisichella,2001,0,8.0
969,Giancarlo,Fisichella,2002,0,7.0
970,Giancarlo,Fisichella,2003,1,12.0
971,Giancarlo,Fisichella,2004,0,22.0
972,Giancarlo,Fisichella,2005,1,58.0
973,Giancarlo,Fisichella,2006,1,72.0
974,Giancarlo,Fisichella,2007,0,21.0
975,Giancarlo,Fisichella,2008,0,0.0
976,Giancarlo,Fisichella,2009,0,8.0
977,Gianfranco,Brancatelli,1979,0,0.0
978,Gianmaria,Bruni,2004,0,0.0
979,Gianni,Morbidelli,1990,0,0.0
980,Gianni,Morbidelli,1991,0,0.5
981,Gianni,Morbidelli,1992,0,0.0
982,Gianni,Morbidelli,1994,0,3.0
983,Gianni,Morbidelli,1995,0,5.0
984,Gianni,Morbidelli,1997,0,0.0
985,Giedo,van der Garde,2013,0,0.0
986,Gijs,van Lennep,1971,0,0.0
987,Gijs,van Lennep,1973,0,1.0
988,Gijs,van Lennep,1974,0,0.0
989,Gijs,van Lennep,1975,0,1.0
990,Gilles,Villeneuve,1977,0,0.0
991,Gilles,Villeneuve,1978,1,17.0
992,Gilles,Villeneuve,1979,3,47.0
993,Gilles,Villeneuve,1980,0,6.0
994,Gilles,Villeneuve,1981,2,25.0
995,Gilles,Villeneuve,1982,0,6.0
996,Gino,Bianco,1952,0,0.0
997,Gino,Munaron,1960,0,0.0
998,Giorgio,Bassi,1965,0,0.0
999,Giorgio,Francia,1977,0,0.0
1000,Giorgio,Francia,1981,0,0.0
1001,Giorgio,Pantano,2004,0,0.0
1002,Giorgio,Scarlatti,1956,0,0.0
1003,Giorgio,Scarlatti,1957,0,1.0
1004,Giorgio,Scarlatti,1958,0,0.0
1005,Giorgio,Scarlatti,1959,0,0.0
1006,Giorgio,Scarlatti,1960,0,0.0
1007,Giorgio,Scarlatti,1961,0,0.0
1008,Giovanni,Lavaggi,1996,0,0.0
1009,Giovanni,de Riu,1954,0,0.0
1010,Giulio,Cabianca,1958,0,0.0
1011,Giulio,Cabianca,1959,0,0.0
1012,Giulio,Cabianca,1960,0,3.0
1013,Graham,Hill,1958,0,0.0
1014,Graham,Hill,1959,0,0.0
1015,Graham,Hill,1960,0,4.0
1016,Graham,Hill,1961,0,3.0
1017,Graham,Hill,1962,4,42.0
1018,Graham,Hill,1963,2,29.0
1019,Graham,Hill,1964,2,39.0
1020,Graham,Hill,1965,2,40.0
1021,Graham,Hill,1966,0,17.0
1022,Graham,Hill,1967,0,15.0
1023,Graham,Hill,1968,3,48.0
1024,Graham,Hill,1969,1,19.0
1025,Graham,Hill,1970,0,7.0
1026,Graham,Hill,1971,0,2.0
1027,Graham,Hill,1972,0,4.0
1028,Graham,Hill,1973,0,0.0
1029,Graham,Hill,1974,0,1.0
1030,Graham,Hill,1975,0,0.0
1031,Graham,McRae,1973,0,0.0
1032,Graham,Whitehead,1952,0,0.0
1033,Gregor,Foitek,1989,0,0.0
1034,Gregor,Foitek,1990,0,0.0
1035,Gunnar,Nilsson,1976,0,11.0
1036,Gunnar,Nilsson,1977,1,20.0
1037,Gus,Hutchison,1970,0,0.0
1038,Guy,Edwards,1974,0,0.0
1039,Guy,Edwards,1976,0,0.0
1040,Guy,Edwards,1977,0,0.0
1041,Guy,Ligier,1966,0,0.0
1042,Guy,Ligier,1967,0,1.0
1043,Guy,Mairesse,1950,0,0.0
1044,Guy,Mairesse,1951,0,0.0
1045,Guy,Tunmer,1975,0,0.0
1046,Gérard,Larrousse,1974,0,0.0
1047,Günther,Bechem,1952,0,0.0
1048,Günther,Bechem,1953,0,0.0
1049,Günther,Seiffert,1962,0,0.0
1050,Günther,Seiffert,1963,0,0.0
1051,Hans,Binder,1976,0,0.0
1052,Hans,Binder,1977,0,0.0
1053,Hans,Binder,1978,0,0.0
1054,Hans,Herrmann,1953,0,0.0
1055,Hans,Herrmann,1954,0,8.0
1056,Hans,Herrmann,1955,0,1.0
1057,Hans,Herrmann,1957,0,0.0
1058,Hans,Herrmann,1958,0,0.0
1059,Hans,Herrmann,1959,0,0.0
1060,Hans,Herrmann,1960,0,1.0
1061,Hans,Herrmann,1961,0,0.0
1062,Hans,Heyer,1977,0,0.0
1063,Hans,Klenk,1952,0,0.0
1064,Hans,von Stuck,1952,0,0.0
1065,Hans,von Stuck,1953,0,0.0
1066,Hans-Joachim,Stuck,1974,0,5.0
1067,Hans-Joachim,Stuck,1975,0,0.0
1068,Hans-Joachim,Stuck,1976,0,8.0
1069,Hans-Joachim,Stuck,1977,0,12.0
1070,Hans-Joachim,Stuck,1978,0,2.0
1071,Hans-Joachim,Stuck,1979,0,2.0
1072,Hap,Sharp,1961,0,0.0
1073,Hap,Sharp,1962,0,0.0
1074,Hap,Sharp,1963,0,0.0
1075,Hap,Sharp,1964,0,0.0
1076,Harald,Ertl,1975,0,0.0
1077,Harald,Ertl,1976,0,0.0
1078,Harald,Ertl,1977,0,0.0
1079,Harald,Ertl,1978,0,0.0
1080,Harald,Ertl,1980,0,0.0
1081,Harry,Blanchard,1959,0,0.0
1082,Harry,Schell,1950,0,0.0
1083,Harry,Schell,1951,0,0.0
1084,Harry,Schell,1952,0,0.0
1085,Harry,Schell,1953,0,0.0
1086,Harry,Schell,1954,0,0.0
1087,Harry,Schell,1955,0,0.0
1088,Harry,Schell,1956,0,3.0
1089,Harry,Schell,1957,0,10.0
1090,Harry,Schell,1958,0,14.0
1091,Harry,Schell,1959,0,5.0
1092,Harry,Schell,1960,0,0.0
1093,Hector,Rebaque,1977,0,0.0
1094,Hector,Rebaque,1978,0,1.0
1095,Hector,Rebaque,1979,0,0.0
1096,Hector,Rebaque,1980,0,1.0
1097,Hector,Rebaque,1981,0,11.0
1098,Heikki,Kovalainen,2007,0,30.0
1099,Heikki,Kovalainen,2008,1,53.0
1100,Heikki,Kovalainen,2009,0,22.0
1101,Heikki,Kovalainen,2010,0,0.0
1102,Heikki,Kovalainen,2011,0,0.0
1103,Heikki,Kovalainen,2012,0,0.0
1104,Heikki,Kovalainen,2013,0,0.0
1105,Heini,Walter,1962,0,0.0
1106,Heinz,Schiller,1962,0,0.0
1107,Heinz-Harald,Frentzen,1994,0,7.0
1108,Heinz-Harald,Frentzen,1995,0,15.0
1109,Heinz-Harald,Frentzen,1996,0,7.0
1110,Heinz-Harald,Frentzen,1997,1,42.0
1111,Heinz-Harald,Frentzen,1998,0,17.0
1112,Heinz-Harald,Frentzen,1999,2,54.0
1113,Heinz-Harald,Frentzen,2000,0,11.0
1114,Heinz-Harald,Frentzen,2001,0,6.0
1115,Heinz-Harald,Frentzen,2002,0,2.0
1116,Heinz-Harald,Frentzen,2003,0,13.0
1117,Helmut,Marko,1971,0,0.0
1118,Helmut,Marko,1972,0,0.0
1119,Helmut,Niedermayr,1952,0,0.0
1120,Helmuth,Koinigg,1974,0,0.0
1121,Henri,Louveau,1950,0,0.0
1122,Henri,Louveau,1951,0,0.0
1123,Henri,Pescarolo,1968,0,0.0
1124,Henri,Pescarolo,1970,0,8.0
1125,Henri,Pescarolo,1971,0,4.0
1126,Henri,Pescarolo,1972,0,0.0
1127,Henri,Pescarolo,1973,0,0.0
1128,Henri,Pescarolo,1974,0,0.0
1129,Henri,Pescarolo,1976,0,0.0
1130,Henry,Banks,1950,0,0.0
1131,Henry,Banks,1951,0,0.0
1132,Henry,Banks,1952,0,0.0
1133,Henry,Taylor,1959,0,0.0
1134,Henry,Taylor,1960,0,3.0
1135,Henry,Taylor,1961,0,0.0
1136,Herbert,MacKay-Fraser,1957,0,0.0
1137,Hermann,Lang,1953,0,2.0
1138,Hermann,Lang,1954,0,0.0
1139,Hernando,da Silva Ramos,1955,0,0.0
1140,Hernando,da Silva Ramos,1956,0,2.0
1141,Hideki,Noda,1994,0,0.0
1142,Hiroshi,Fushida,1975,0,0.0
1143,Horace,Gould,1954,0,0.0
1144,Horace,Gould,1955,0,0.0
1145,Horace,Gould,1956,0,2.0
1146,Horace,Gould,1957,0,0.0
1147,Horace,Gould,1958,0,0.0
1148,Horace,Gould,1960,0,0.0
1149,Howden,Ganley,1971,0,5.0
1150,Howden,Ganley,1972,0,4.0
1151,Howden,Ganley,1973,0,1.0
1152,Howden,Ganley,1974,0,0.0
1153,Hubert,Hahne,1967,0,0.0
1154,Hubert,Hahne,1968,0,0.0
1155,Hubert,Hahne,1970,0,0.0
1156,Huub,Rothengatter,1984,0,0.0
1157,Huub,Rothengatter,1985,0,0.0
1158,Huub,Rothengatter,1986,0,0.0
1159,Ian,Ashley,1974,0,0.0
1160,Ian,Ashley,1975,0,0.0
1161,Ian,Ashley,1976,0,0.0
1162,Ian,Ashley,1977,0,0.0
1163,Ian,Burgess,1958,0,0.0
1164,Ian,Burgess,1959,0,0.0
1165,Ian,Burgess,1960,0,0.0
1166,Ian,Burgess,1961,0,0.0
1167,Ian,Burgess,1962,0,0.0
1168,Ian,Burgess,1963,0,0.0
1169,Ian,Raby,1963,0,0.0
1170,Ian,Raby,1964,0,0.0
1171,Ian,Raby,1965,0,0.0
1172,Ian,Scheckter,1974,0,0.0
1173,Ian,Scheckter,1975,0,0.0
1174,Ian,Scheckter,1976,0,0.0
1175,Ian,Scheckter,1977,0,0.0
1176,Ian,Stewart,1953,0,0.0
1177,Ignazio,Giunti,1970,0,3.0
1178,Ingo,Hoffmann,1976,0,0.0
1179,Ingo,Hoffmann,1977,0,0.0
1180,Innes,Ireland,1959,0,5.0
1181,Innes,Ireland,1960,0,18.0
1182,Innes,Ireland,1961,1,12.0
1183,Innes,Ireland,1962,0,2.0
1184,Innes,Ireland,1963,0,6.0
1185,Innes,Ireland,1964,0,4.0
1186,Innes,Ireland,1965,0,0.0
1187,Innes,Ireland,1966,0,0.0
1188,Ivan,Capelli,1985,0,3.0
1189,Ivan,Capelli,1986,0,0.0
1190,Ivan,Capelli,1987,0,1.0
1191,Ivan,Capelli,1988,0,17.0
1192,Ivan,Capelli,1989,0,0.0
1193,Ivan,Capelli,1990,0,6.0
1194,Ivan,Capelli,1991,0,1.0
1195,Ivan,Capelli,1992,0,3.0
1196,Ivor,Bueb,1957,0,0.0
1197,Ivor,Bueb,1958,0,0.0
1198,Ivor,Bueb,1959,0,0.0
1199,Jac,Nelleman,1976,0,0.0
1200,Jack,Brabham,1955,0,0.0
1201,Jack,Brabham,1956,0,0.0
1202,Jack,Brabham,1957,0,0.0
1203,Jack,Brabham,1958,0,3.0
1204,Jack,Brabham,1959,2,31.0
1205,Jack,Brabham,1960,5,43.0
1206,Jack,Brabham,1961,0,4.0
1207,Jack,Brabham,1962,0,9.0
1208,Jack,Brabham,1963,0,14.0
1209,Jack,Brabham,1964,0,11.0
1210,Jack,Brabham,1965,0,9.0
1211,Jack,Brabham,1966,4,42.0
1212,Jack,Brabham,1967,2,46.0
1213,Jack,Brabham,1968,0,2.0
1214,Jack,Brabham,1969,0,14.0
1215,Jack,Brabham,1970,1,25.0
1216,Jack,Fairman,1953,0,0.0
1217,Jack,Fairman,1955,0,0.0
1218,Jack,Fairman,1956,0,5.0
1219,Jack,Fairman,1957,0,0.0
1220,Jack,Fairman,1958,0,0.0
1221,Jack,Fairman,1959,0,0.0
1222,Jack,Fairman,1960,0,0.0
1223,Jack,Fairman,1961,0,0.0
1224,Jack,McGrath,1950,0,0.0
1225,Jack,McGrath,1951,0,2.0
1226,Jack,McGrath,1952,0,0.0
1227,Jack,McGrath,1953,0,2.0
1228,Jack,McGrath,1954,0,5.0
1229,Jack,McGrath,1955,0,0.0
1230,Jack,Turner,1956,0,0.0
1231,Jack,Turner,1957,0,0.0
1232,Jack,Turner,1958,0,0.0
1233,Jack,Turner,1959,0,0.0
1234,Jackie,Holmes,1950,0,0.0
1235,Jackie,Holmes,1953,0,0.0
1236,Jackie,Lewis,1961,0,3.0
1237,Jackie,Lewis,1962,0,0.0
1238,Jackie,Oliver,1967,0,0.0
1239,Jackie,Oliver,1968,0,6.0
1240,Jackie,Oliver,1969,0,1.0
1241,Jackie,Oliver,1970,0,2.0
1242,Jackie,Oliver,1971,0,0.0
1243,Jackie,Oliver,1972,0,0.0
1244,Jackie,Oliver,1973,0,4.0
1245,Jackie,Oliver,1977,0,0.0
1246,Jackie,Pretorius,1965,0,0.0
1247,Jackie,Pretorius,1968,0,0.0
1248,Jackie,Pretorius,1971,0,0.0
1249,Jackie,Pretorius,1973,0,0.0
1250,Jackie,Stewart,1965,1,33.0
1251,Jackie,Stewart,1966,1,14.0
1252,Jackie,Stewart,1967,0,10.0
1253,Jackie,Stewart,1968,3,36.0
1254,Jackie,Stewart,1969,6,63.0
1255,Jackie,Stewart,1970,1,25.0
1256,Jackie,Stewart,1971,6,62.0
1257,Jackie,Stewart,1972,4,45.0
1258,Jackie,Stewart,1973,5,71.0
1259,Jacky,Ickx,1967,0,1.0
1260,Jacky,Ickx,1968,1,27.0
1261,Jacky,Ickx,1969,2,37.0
1262,Jacky,Ickx,1970,3,40.0
1263,Jacky,Ickx,1971,1,19.0
1264,Jacky,Ickx,1972,1,27.0
1265,Jacky,Ickx,1973,0,12.0
1266,Jacky,Ickx,1974,0,12.0
1267,Jacky,Ickx,1975,0,3.0
1268,Jacky,Ickx,1976,0,0.0
1269,Jacky,Ickx,1977,0,0.0
1270,Jacky,Ickx,1978,0,0.0
1271,Jacky,Ickx,1979,0,3.0
1272,Jacques,Laffite,1974,0,0.0
1273,Jacques,Laffite,1975,0,6.0
1274,Jacques,Laffite,1976,0,20.0
1275,Jacques,Laffite,1977,1,18.0
1276,Jacques,Laffite,1978,0,19.0
1277,Jacques,Laffite,1979,2,36.0
1278,Jacques,Laffite,1980,1,34.0
1279,Jacques,Laffite,1981,2,44.0
1280,Jacques,Laffite,1982,0,5.0
1281,Jacques,Laffite,1983,0,11.0
1282,Jacques,Laffite,1984,0,5.0
1283,Jacques,Laffite,1985,0,16.0
1284,Jacques,Laffite,1986,0,14.0
1285,Jacques,Pollet,1954,0,0.0
1286,Jacques,Pollet,1955,0,0.0
1287,Jacques,Swaters,1951,0,0.0
1288,Jacques,Swaters,1953,0,0.0
1289,Jacques,Swaters,1954,0,0.0
1290,Jacques,Villeneuve,1996,4,78.0
1291,Jacques,Villeneuve,1997,7,81.0
1292,Jacques,Villeneuve,1998,0,21.0
1293,Jacques,Villeneuve,1999,0,0.0
1294,Jacques,Villeneuve,2000,0,17.0
1295,Jacques,Villeneuve,2001,0,12.0
1296,Jacques,Villeneuve,2002,0,4.0
1297,Jacques,Villeneuve,2003,0,6.0
1298,Jacques,Villeneuve,2004,0,0.0
1299,Jacques,Villeneuve,2005,0,9.0
1300,Jacques,Villeneuve,2006,0,7.0
1301,Jacques,Villeneuve Sr.,1981,0,0.0
1302,Jacques,Villeneuve Sr.,1983,0,0.0
1303,Jaime,Alguersuari,2009,0,0.0
1304,Jaime,Alguersuari,2010,0,5.0
1305,Jaime,Alguersuari,2011,0,26.0
1306,James,Hunt,1973,0,14.0
1307,James,Hunt,1974,0,15.0
1308,James,Hunt,1975,1,33.0
1309,James,Hunt,1976,6,69.0
1310,James,Hunt,1977,3,40.0
1311,James,Hunt,1978,0,8.0
1312,James,Hunt,1979,0,0.0
1313,Jan,Flinterman,1952,0,0.0
1314,Jan,Lammers,1979,0,0.0
1315,Jan,Lammers,1980,0,0.0
1316,Jan,Lammers,1981,0,0.0
1317,Jan,Lammers,1982,0,0.0
1318,Jan,Lammers,1992,0,0.0
1319,Jan,Magnussen,1995,0,0.0
1320,Jan,Magnussen,1997,0,0.0
1321,Jan,Magnussen,1998,0,1.0
1322,Jarno,Trulli,1997,0,3.0
1323,Jarno,Trulli,1998,0,1.0
1324,Jarno,Trulli,1999,0,7.0
1325,Jarno,Trulli,2000,0,6.0
1326,Jarno,Trulli,2001,0,12.0
1327,Jarno,Trulli,2002,0,9.0
1328,Jarno,Trulli,2003,0,33.0
1329,Jarno,Trulli,2004,1,46.0
1330,Jarno,Trulli,2005,0,43.0
1331,Jarno,Trulli,2006,0,15.0
1332,Jarno,Trulli,2007,0,8.0
1333,Jarno,Trulli,2008,0,31.0
1334,Jarno,Trulli,2009,0,32.5
1335,Jarno,Trulli,2010,0,0.0
1336,Jarno,Trulli,2011,0,0.0
1337,Jay,Chamberlain,1962,0,0.0
1338,Jean,Alesi,1989,0,8.0
1339,Jean,Alesi,1990,0,13.0
1340,Jean,Alesi,1991,0,21.0
1341,Jean,Alesi,1992,0,18.0
1342,Jean,Alesi,1993,0,16.0
1343,Jean,Alesi,1994,0,24.0
1344,Jean,Alesi,1995,1,42.0
1345,Jean,Alesi,1996,0,47.0
1346,Jean,Alesi,1997,0,36.0
1347,Jean,Alesi,1998,0,9.0
1348,Jean,Alesi,1999,0,2.0
1349,Jean,Alesi,2000,0,0.0
1350,Jean,Alesi,2001,0,5.0
1351,Jean,Behra,1952,0,6.0
1352,Jean,Behra,1953,0,0.0
1353,Jean,Behra,1954,0,0.0
1354,Jean,Behra,1955,0,6.0
1355,Jean,Behra,1956,0,22.0
1356,Jean,Behra,1957,0,6.0
1357,Jean,Behra,1958,0,9.0
1358,Jean,Behra,1959,0,2.0
1359,Jean,Lucas,1955,0,0.0
1360,Jean,Lucienbonnet,1959,0,0.0
1361,Jean-Christophe,Boullion,1995,0,3.0
1362,Jean-Denis,Délétraz,1994,0,0.0
1363,Jean-Denis,Délétraz,1995,0,0.0
1364,Jean-Louis,Schlesser,1983,0,0.0
1365,Jean-Louis,Schlesser,1988,0,0.0
1366,Jean-Marc,Gounon,1994,0,0.0
1367,Jean-Pierre,Beltoise,1967,0,0.0
1368,Jean-Pierre,Beltoise,1968,0,11.0
1369,Jean-Pierre,Beltoise,1969,0,21.0
1370,Jean-Pierre,Beltoise,1970,0,16.0
1371,Jean-Pierre,Beltoise,1971,0,1.0
1372,Jean-Pierre,Beltoise,1972,1,9.0
1373,Jean-Pierre,Beltoise,1973,0,9.0
1374,Jean-Pierre,Beltoise,1974,0,10.0
1375,Jean-Pierre,Jabouille,1974,0,0.0
1376,Jean-Pierre,Jabouille,1975,0,0.0
1377,Jean-Pierre,Jabouille,1977,0,0.0
1378,Jean-Pierre,Jabouille,1978,0,3.0
1379,Jean-Pierre,Jabouille,1979,1,9.0
1380,Jean-Pierre,Jabouille,1980,1,9.0
1381,Jean-Pierre,Jabouille,1981,0,0.0
1382,Jean-Pierre,Jarier,1971,0,0.0
1383,Jean-Pierre,Jarier,1973,0,0.0
1384,Jean-Pierre,Jarier,1974,0,6.0
1385,Jean-Pierre,Jarier,1975,0,1.5
1386,Jean-Pierre,Jarier,1976,0,0.0
1387,Jean-Pierre,Jarier,1977,0,1.0
1388,Jean-Pierre,Jarier,1978,0,0.0
1389,Jean-Pierre,Jarier,1979,0,14.0
1390,Jean-Pierre,Jarier,1980,0,6.0
1391,Jean-Pierre,Jarier,1981,0,0.0
1392,Jean-Pierre,Jarier,1982,0,3.0
1393,Jean-Pierre,Jarier,1983,0,0.0
1394,Jean-Éric,Vergne,2012,0,16.0
1395,Jean-Éric,Vergne,2013,0,13.0
1396,Jean-Éric,Vergne,2014,0,22.0
1397,Jenson,Button,2000,0,12.0
1398,Jenson,Button,2001,0,2.0
1399,Jenson,Button,2002,0,14.0
1400,Jenson,Button,2003,0,17.0
1401,Jenson,Button,2004,0,85.0
1402,Jenson,Button,2005,0,37.0
1403,Jenson,Button,2006,1,56.0
1404,Jenson,Button,2007,0,6.0
1405,Jenson,Button,2008,0,3.0
1406,Jenson,Button,2009,6,95.0
1407,Jenson,Button,2010,2,214.0
1408,Jenson,Button,2011,3,270.0
1409,Jenson,Button,2012,3,188.0
1410,Jenson,Button,2013,0,73.0
1411,Jenson,Button,2014,0,126.0
1412,Jenson,Button,2015,0,16.0
1413,Jenson,Button,2016,0,21.0
1414,Jenson,Button,2017,0,0.0
1415,Jerry,Hoyt,1950,0,0.0
1416,Jerry,Hoyt,1953,0,0.0
1417,Jerry,Hoyt,1954,0,0.0
1418,Jerry,Hoyt,1955,0,0.0
1419,Jerry,Unser,1958,0,0.0
1420,Jesús,Iglesias,1955,0,0.0
1421,Jim,Clark,1960,0,8.0
1422,Jim,Clark,1961,0,11.0
1423,Jim,Clark,1962,3,30.0
1424,Jim,Clark,1963,7,54.0
1425,Jim,Clark,1964,3,32.0
1426,Jim,Clark,1965,6,54.0
1427,Jim,Clark,1966,1,16.0
1428,Jim,Clark,1967,4,41.0
1429,Jim,Clark,1968,1,9.0
1430,Jim,Crawford,1975,0,0.0
1431,Jim,Hall,1960,0,0.0
1432,Jim,Hall,1961,0,0.0
1433,Jim,Hall,1962,0,0.0
1434,Jim,Hall,1963,0,3.0
1435,Jim,Hurtubise,1960,0,0.0
1436,Jim,McWithey,1959,0,0.0
1437,Jim,McWithey,1960,0,0.0
1438,Jim,Rathmann,1950,0,0.0
1439,Jim,Rathmann,1952,0,6.0
1440,Jim,Rathmann,1953,0,0.0
1441,Jim,Rathmann,1954,0,0.0
1442,Jim,Rathmann,1955,0,0.0
1443,Jim,Rathmann,1956,0,0.0
1444,Jim,Rathmann,1957,0,7.0
1445,Jim,Rathmann,1958,0,2.0
1446,Jim,Rathmann,1959,0,6.0
1447,Jim,Rathmann,1960,1,8.0
1448,Jim,Rigsby,1952,0,0.0
1449,Jimmy,Bryan,1952,0,0.0
1450,Jimmy,Bryan,1953,0,0.0
1451,Jimmy,Bryan,1954,0,6.0
1452,Jimmy,Bryan,1955,0,0.0
1453,Jimmy,Bryan,1956,0,0.0
1454,Jimmy,Bryan,1957,0,4.0
1455,Jimmy,Bryan,1958,1,8.0
1456,Jimmy,Bryan,1959,0,0.0
1457,Jimmy,Bryan,1960,0,0.0
1458,Jimmy,Davies,1950,0,0.0
1459,Jimmy,Davies,1951,0,0.0
1460,Jimmy,Davies,1953,0,0.0
1461,Jimmy,Davies,1954,0,0.0
1462,Jimmy,Davies,1955,0,4.0
1463,Jimmy,Daywalt,1953,0,0.0
1464,Jimmy,Daywalt,1954,0,0.0
1465,Jimmy,Daywalt,1955,0,0.0
1466,Jimmy,Daywalt,1956,0,0.0
1467,Jimmy,Daywalt,1957,0,0.0
1468,Jimmy,Daywalt,1959,0,0.0
1469,Jimmy,Jackson,1950,0,0.0
1470,Jimmy,Jackson,1954,0,0.0
1471,Jimmy,Reece,1952,0,0.0
1472,Jimmy,Reece,1954,0,0.0
1473,Jimmy,Reece,1955,0,0.0
1474,Jimmy,Reece,1956,0,0.0
1475,Jimmy,Reece,1957,0,0.0
1476,Jimmy,Reece,1958,0,0.0
1477,Jimmy,Stewart,1953,0,0.0
1478,Jo,Bonnier,1956,0,0.0
1479,Jo,Bonnier,1957,0,0.0
1480,Jo,Bonnier,1958,0,3.0
1481,Jo,Bonnier,1959,1,10.0
1482,Jo,Bonnier,1960,0,4.0
1483,Jo,Bonnier,1961,0,3.0
1484,Jo,Bonnier,1962,0,3.0
1485,Jo,Bonnier,1963,0,6.0
1486,Jo,Bonnier,1964,0,3.0
1487,Jo,Bonnier,1965,0,0.0
1488,Jo,Bonnier,1966,0,1.0
1489,Jo,Bonnier,1967,0,3.0
1490,Jo,Bonnier,1968,0,3.0
1491,Jo,Bonnier,1969,0,0.0
1492,Jo,Bonnier,1970,0,0.0
1493,Jo,Bonnier,1971,0,0.0
1494,Jo,Gartner,1984,0,0.0
1495,Jo,Schlesser,1967,0,0.0
1496,Jo,Schlesser,1968,0,0.0
1497,Jo,Siffert,1962,0,0.0
1498,Jo,Siffert,1963,0,1.0
1499,Jo,Siffert,1964,0,7.0
1500,Jo,Siffert,1965,0,5.0
1501,Jo,Siffert,1966,0,3.0
1502,Jo,Siffert,1967,0,6.0
1503,Jo,Siffert,1968,1,12.0
1504,Jo,Siffert,1969,0,15.0
1505,Jo,Siffert,1970,0,0.0
1506,Jo,Siffert,1971,1,19.0
1507,Jo,Vonlanthen,1975,0,0.0
1508,Joachim,Winkelhock,1989,0,0.0
1509,Jochen,Mass,1973,0,0.0
1510,Jochen,Mass,1974,0,0.0
1511,Jochen,Mass,1975,1,20.0
1512,Jochen,Mass,1976,0,19.0
1513,Jochen,Mass,1977,0,25.0
1514,Jochen,Mass,1978,0,0.0
1515,Jochen,Mass,1979,0,3.0
1516,Jochen,Mass,1980,0,4.0
1517,Jochen,Mass,1982,0,0.0
1518,Jochen,Rindt,1964,0,0.0
1519,Jochen,Rindt,1965,0,4.0
1520,Jochen,Rindt,1966,0,22.0
1521,Jochen,Rindt,1967,0,6.0
1522,Jochen,Rindt,1968,0,8.0
1523,Jochen,Rindt,1969,1,22.0
1524,Jochen,Rindt,1970,5,45.0
1525,Jody,Scheckter,1972,0,0.0
1526,Jody,Scheckter,1973,0,0.0
1527,Jody,Scheckter,1974,2,45.0
1528,Jody,Scheckter,1975,1,20.0
1529,Jody,Scheckter,1976,1,49.0
1530,Jody,Scheckter,1977,3,55.0
1531,Jody,Scheckter,1978,0,24.0
1532,Jody,Scheckter,1979,3,51.0
1533,Jody,Scheckter,1980,0,2.0
1534,Joe,Fry,1950,0,0.0
1535,Joe,James,1951,0,0.0
1536,Joe,James,1952,0,0.0
1537,Joe,Kelly,1950,0,0.0
1538,Joe,Kelly,1951,0,0.0
1539,John,Barber,1953,0,0.0
1540,John,Campbell-Jones,1961,0,0.0
1541,John,Campbell-Jones,1962,0,0.0
1542,John,Campbell-Jones,1963,0,0.0
1543,John,Cannon,1971,0,0.0
1544,John,Cordts,1969,0,0.0
1545,John,Fitch,1953,0,0.0
1546,John,Fitch,1955,0,0.0
1547,John,James,1951,0,0.0
1548,John,Love,1962,0,0.0
1549,John,Love,1963,0,0.0
1550,John,Love,1964,0,0.0
1551,John,Love,1965,0,0.0
1552,John,Love,1967,0,6.0
1553,John,Love,1968,0,0.0
1554,John,Love,1969,0,0.0
1555,John,Love,1970,0,0.0
1556,John,Love,1971,0,0.0
1557,John,Love,1972,0,0.0
1558,John,Miles,1969,0,0.0
1559,John,Miles,1970,0,2.0
1560,John,Nicholson,1974,0,0.0
1561,John,Nicholson,1975,0,0.0
1562,John,Rhodes,1965,0,0.0
1563,John,Riseley-Prichard,1954,0,0.0
1564,John,Surtees,1960,0,6.0
1565,John,Surtees,1961,0,4.0
1566,John,Surtees,1962,0,19.0
1567,John,Surtees,1963,1,22.0
1568,John,Surtees,1964,2,40.0
1569,John,Surtees,1965,0,17.0
1570,John,Surtees,1966,2,28.0
1571,John,Surtees,1967,1,20.0
1572,John,Surtees,1968,0,12.0
1573,John,Surtees,1969,0,6.0
1574,John,Surtees,1970,0,3.0
1575,John,Surtees,1971,0,3.0
1576,John,Surtees,1972,0,0.0
1577,John,Taylor,1964,0,0.0
1578,John,Taylor,1966,0,1.0
1579,John,Watson,1973,0,0.0
1580,John,Watson,1974,0,6.0
1581,John,Watson,1975,0,0.0
1582,John,Watson,1976,1,20.0
1583,John,Watson,1977,0,9.0
1584,John,Watson,1978,0,25.0
1585,John,Watson,1979,0,15.0
1586,John,Watson,1980,0,6.0
1587,John,Watson,1981,1,27.0
1588,John,Watson,1982,2,39.0
1589,John,Watson,1983,1,22.0
1590,John,Watson,1985,0,0.0
1591,Johnnie,Parsons,1950,1,9.0
1592,Johnnie,Parsons,1951,0,0.0
1593,Johnnie,Parsons,1952,0,0.0
1594,Johnnie,Parsons,1953,0,0.0
1595,Johnnie,Parsons,1954,0,0.0
1596,Johnnie,Parsons,1955,0,0.0
1597,Johnnie,Parsons,1956,0,3.0
1598,Johnnie,Parsons,1957,0,0.0
1599,Johnnie,Parsons,1958,0,0.0
1600,Johnnie,Tolan,1956,0,0.0
1601,Johnnie,Tolan,1957,0,0.0
1602,Johnnie,Tolan,1958,0,0.0
1603,Johnny,Boyd,1955,0,0.0
1604,Johnny,Boyd,1956,0,0.0
1605,Johnny,Boyd,1957,0,0.0
1606,Johnny,Boyd,1958,0,4.0
1607,Johnny,Boyd,1959,0,0.0
1608,Johnny,Boyd,1960,0,0.0
1609,Johnny,Cecotto,1983,0,1.0
1610,Johnny,Cecotto,1984,0,0.0
1611,Johnny,Claes,1950,0,0.0
1612,Johnny,Claes,1951,0,0.0
1613,Johnny,Claes,1952,0,0.0
1614,Johnny,Claes,1953,0,0.0
1615,Johnny,Claes,1955,0,0.0
1616,Johnny,Dumfries,1986,0,3.0
1617,Johnny,Herbert,1989,0,5.0
1618,Johnny,Herbert,1990,0,0.0
1619,Johnny,Herbert,1991,0,0.0
1620,Johnny,Herbert,1992,0,2.0
1621,Johnny,Herbert,1993,0,11.0
1622,Johnny,Herbert,1994,0,0.0
1623,Johnny,Herbert,1995,2,45.0
1624,Johnny,Herbert,1996,0,4.0
1625,Johnny,Herbert,1997,0,15.0
1626,Johnny,Herbert,1998,0,1.0
1627,Johnny,Herbert,1999,1,15.0
1628,Johnny,Herbert,2000,0,0.0
1629,Johnny,Mantz,1953,0,0.0
1630,Johnny,McDowell,1950,0,0.0
1631,Johnny,McDowell,1951,0,0.0
1632,Johnny,McDowell,1952,0,0.0
1633,Johnny,Servoz-Gavin,1967,0,0.0
1634,Johnny,Servoz-Gavin,1968,0,6.0
1635,Johnny,Servoz-Gavin,1969,0,1.0
1636,Johnny,Servoz-Gavin,1970,0,2.0
1637,Johnny,Thomson,1953,0,0.0
1638,Johnny,Thomson,1954,0,0.0
1639,Johnny,Thomson,1955,0,3.0
1640,Johnny,Thomson,1956,0,0.0
1641,Johnny,Thomson,1957,0,0.0
1642,Johnny,Thomson,1958,0,0.0
1643,Johnny,Thomson,1959,0,5.0
1644,Johnny,Thomson,1960,0,2.0
1645,Joie,Chitwood,1950,0,1.0
1646,Jolyon,Palmer,2016,0,1.0
1647,Jolyon,Palmer,2017,0,8.0
1648,Jonathan,Palmer,1983,0,0.0
1649,Jonathan,Palmer,1984,0,0.0
1650,Jonathan,Palmer,1985,0,0.0
1651,Jonathan,Palmer,1986,0,0.0
1652,Jonathan,Palmer,1987,0,7.0
1653,Jonathan,Palmer,1988,0,5.0
1654,Jonathan,Palmer,1989,0,2.0
1655,Jonathan,Williams,1967,0,0.0
1656,Jorge,Daponte,1954,0,0.0
1657,Jos,Verstappen,1994,0,10.0
1658,Jos,Verstappen,1995,0,0.0
1659,Jos,Verstappen,1996,0,1.0
1660,Jos,Verstappen,1997,0,0.0
1661,Jos,Verstappen,1998,0,0.0
1662,Jos,Verstappen,2000,0,5.0
1663,Jos,Verstappen,2001,0,1.0
1664,Jos,Verstappen,2003,0,0.0
1665,Josef,Peters,1952,0,0.0
1666,José,Dolhem,1974,0,0.0
1667,José Froilán,González,1950,0,0.0
1668,José Froilán,González,1951,1,24.0
1669,José Froilán,González,1952,0,6.5
1670,José Froilán,González,1953,0,13.5
1671,José Froilán,González,1954,1,25.14
1672,José Froilán,González,1955,0,2.0
1673,José Froilán,González,1956,0,0.0
1674,José Froilán,González,1957,0,1.0
1675,José Froilán,González,1960,0,0.0
1676,Juan,Fangio,1950,3,27.0
1677,Juan,Fangio,1951,3,31.0
1678,Juan,Fangio,1953,1,28.0
1679,Juan,Fangio,1954,6,42.0
1680,Juan,Fangio,1955,4,40.0
1681,Juan,Fangio,1956,3,30.0
1682,Juan,Fangio,1957,4,40.0
1683,Juan,Fangio,1958,0,7.0
1684,Juan,Jover,1951,0,0.0
1685,Juan,Pablo Montoya,2001,1,31.0
1686,Juan,Pablo Montoya,2002,0,50.0
1687,Juan,Pablo Montoya,2003,2,82.0
1688,Juan,Pablo Montoya,2004,1,58.0
1689,Juan,Pablo Montoya,2005,3,60.0
1690,Juan,Pablo Montoya,2006,0,26.0
1691,Juan Manuel,Bordeu,1961,0,0.0
1692,Jud,Larson,1958,0,0.0
1693,Jud,Larson,1959,0,0.0
1694,Jules,Bianchi,2013,0,0.0
1695,Jules,Bianchi,2014,0,2.0
1696,Julian,Bailey,1988,0,0.0
1697,Julian,Bailey,1991,0,1.0
1698,Justin,Wilson,2003,0,1.0
1699,Jyrki,Järvilehto,1989,0,0.0
1700,Jyrki,Järvilehto,1990,0,0.0
1701,Jyrki,Järvilehto,1991,0,4.0
1702,Jyrki,Järvilehto,1992,0,0.0
1703,Jyrki,Järvilehto,1993,0,5.0
1704,Jyrki,Järvilehto,1994,0,1.0
1705,Jérôme,d'Ambrosio,2011,0,0.0
1706,Jérôme,d'Ambrosio,2012,0,0.0
1707,Kamui,Kobayashi,2009,0,3.0
1708,Kamui,Kobayashi,2010,0,32.0
1709,Kamui,Kobayashi,2011,0,30.0
1710,Kamui,Kobayashi,2012,0,60.0
1711,Kamui,Kobayashi,2014,0,0.0
1712,Karl,Kling,1954,0,12.0
1713,Karl,Kling,1955,0,5.0
1714,Karl,Wendlinger,1991,0,0.0
1715,Karl,Wendlinger,1992,0,3.0
1716,Karl,Wendlinger,1993,0,7.0
1717,Karl,Wendlinger,1994,0,4.0
1718,Karl,Wendlinger,1995,0,0.0
1719,Karun,Chandhok,2010,0,0.0
1720,Karun,Chandhok,2011,0,0.0
1721,Kazuki,Nakajima,2007,0,0.0
1722,Kazuki,Nakajima,2008,0,9.0
1723,Kazuki,Nakajima,2009,0,0.0
1724,Kazuyoshi,Hoshino,1976,0,0.0
1725,Kazuyoshi,Hoshino,1977,0,0.0
1726,Keith,Andrews,1955,0,0.0
1727,Keith,Andrews,1956,0,0.0
1728,Keith,Greene,1959,0,0.0
1729,Keith,Greene,1960,0,0.0
1730,Keith,Greene,1961,0,0.0
1731,Keith,Greene,1962,0,0.0
1732,Keke,Rosberg,1978,0,0.0
1733,Keke,Rosberg,1979,0,0.0
1734,Keke,Rosberg,1980,0,6.0
1735,Keke,Rosberg,1981,0,0.0
1736,Keke,Rosberg,1982,1,44.0
1737,Keke,Rosberg,1983,1,27.0
1738,Keke,Rosberg,1984,1,20.5
1739,Keke,Rosberg,1985,2,40.0
1740,Keke,Rosberg,1986,0,22.0
1741,Ken,Downing,1952,0,0.0
1742,Ken,Kavanagh,1958,0,0.0
1743,Ken,Miles,1961,0,0.0
1744,Ken,Richardson,1951,0,0.0
1745,Ken,Wharton,1952,0,3.0
1746,Ken,Wharton,1953,0,0.0
1747,Ken,Wharton,1954,0,0.0
1748,Ken,Wharton,1955,0,0.0
1749,Kenneth,McAlpine,1952,0,0.0
1750,Kenneth,McAlpine,1953,0,0.0
1751,Kenneth,McAlpine,1955,0,0.0
1752,Kenny,Acheson,1983,0,0.0
1753,Kenny,Acheson,1985,0,0.0
1754,Kevin,Cogan,1980,0,0.0
1755,Kevin,Cogan,1981,0,0.0
1756,Kevin,Magnussen,2014,0,55.0
1757,Kevin,Magnussen,2015,0,0.0
1758,Kevin,Magnussen,2016,0,7.0
1759,Kevin,Magnussen,2017,0,19.0
1760,Kevin,Magnussen,2018,0,56.0
1761,Kevin,Magnussen,2019,0,20.0
1762,Kevin,Magnussen,2020,0,1.0
1763,Kimi,Räikkönen,2001,0,9.0
1764,Kimi,Räikkönen,2002,0,24.0
1765,Kimi,Räikkönen,2003,1,91.0
1766,Kimi,Räikkönen,2004,1,45.0
1767,Kimi,Räikkönen,2005,7,112.0
1768,Kimi,Räikkönen,2006,0,65.0
1769,Kimi,Räikkönen,2007,6,110.0
1770,Kimi,Räikkönen,2008,2,75.0
1771,Kimi,Räikkönen,2009,1,48.0
1772,Kimi,Räikkönen,2012,1,207.0
1773,Kimi,Räikkönen,2013,1,183.0
1774,Kimi,Räikkönen,2014,0,55.0
1775,Kimi,Räikkönen,2015,0,150.0
1776,Kimi,Räikkönen,2016,0,186.0
1777,Kimi,Räikkönen,2017,0,205.0
1778,Kimi,Räikkönen,2018,1,251.0
1779,Kimi,Räikkönen,2019,0,43.0
1780,Kimi,Räikkönen,2020,0,2.0
1781,Kunimitsu,Takahashi,1977,0,0.0
1782,Kurt,Adolff,1953,0,0.0
1783,Kurt,Ahrens,1967,0,0.0
1784,Kurt,Ahrens,1968,0,0.0
1785,Kurt,Kuhnke,1962,0,0.0
1786,Kurt,Kuhnke,1963,0,0.0
1787,Lamberto,Leoni,1977,0,0.0
1788,Lamberto,Leoni,1978,0,0.0
1789,Lance,Macklin,1952,0,0.0
1790,Lance,Macklin,1953,0,0.0
1791,Lance,Macklin,1954,0,0.0
1792,Lance,Macklin,1955,0,0.0
1793,Lance,Reventlow,1960,0,0.0
1794,Lance,Stroll,2017,0,40.0
1795,Lance,Stroll,2018,0,6.0
1796,Lance,Stroll,2019,0,21.0
1797,Lance,Stroll,2020,0,57.0
1798,Lando,Norris,2019,0,49.0
1799,Lando,Norris,2020,0,65.0
1800,Larry,Crockett,1954,0,0.0
1801,Larry,Perkins,1974,0,0.0
1802,Larry,Perkins,1976,0,0.0
1803,Larry,Perkins,1977,0,0.0
1804,Lee,Wallard,1950,0,0.0
1805,Lee,Wallard,1951,1,9.0
1806,Lella,Lombardi,1974,0,0.0
1807,Lella,Lombardi,1975,0,0.5
1808,Lella,Lombardi,1976,0,0.0
1809,Len,Duncan,1954,0,0.0
1810,Len,Sutton,1958,0,0.0
1811,Len,Sutton,1959,0,0.0
1812,Len,Sutton,1960,0,0.0
1813,Leo,Kinnunen,1974,0,0.0
1814,Les,Leston,1956,0,0.0
1815,Les,Leston,1957,0,0.0
1816,Leslie,Johnson,1950,0,0.0
1817,Leslie,Marr,1954,0,0.0
1818,Leslie,Marr,1955,0,0.0
1819,Leslie,Thorne,1954,0,0.0
1820,Lewis,Hamilton,2007,4,109.0
1821,Lewis,Hamilton,2008,5,98.0
1822,Lewis,Hamilton,2009,2,49.0
1823,Lewis,Hamilton,2010,3,240.0
1824,Lewis,Hamilton,2011,3,227.0
1825,Lewis,Hamilton,2012,4,190.0
1826,Lewis,Hamilton,2013,1,189.0
1827,Lewis,Hamilton,2014,11,384.0
1828,Lewis,Hamilton,2015,10,381.0
1829,Lewis,Hamilton,2016,10,380.0
1830,Lewis,Hamilton,2017,9,363.0
1831,Lewis,Hamilton,2018,11,408.0
1832,Lewis,Hamilton,2019,11,413.0
1833,Lewis,Hamilton,2020,8,256.0
1834,Lloyd,Ruby,1960,0,0.0
1835,Lloyd,Ruby,1961,0,0.0
1836,Lorenzo,Bandini,1961,0,0.0
1837,Lorenzo,Bandini,1962,0,4.0
1838,Lorenzo,Bandini,1963,0,6.0
1839,Lorenzo,Bandini,1964,1,23.0
1840,Lorenzo,Bandini,1965,0,13.0
1841,Lorenzo,Bandini,1966,0,12.0
1842,Lorenzo,Bandini,1967,0,0.0
1843,Loris,Kessel,1976,0,0.0
1844,Loris,Kessel,1977,0,0.0
1845,Louis,Chiron,1950,0,4.0
1846,Louis,Chiron,1951,0,0.0
1847,Louis,Chiron,1953,0,0.0
1848,Louis,Chiron,1955,0,0.0
1849,Louis,Chiron,1956,0,0.0
1850,Louis,Chiron,1958,0,0.0
1851,Louis,Rosier,1950,0,13.0
1852,Louis,Rosier,1951,0,3.0
1853,Louis,Rosier,1952,0,0.0
1854,Louis,Rosier,1953,0,0.0
1855,Louis,Rosier,1954,0,0.0
1856,Louis,Rosier,1955,0,0.0
1857,Louis,Rosier,1956,0,2.0
1858,Luca,Badoer,1993,0,0.0
1859,Luca,Badoer,1995,0,0.0
1860,Luca,Badoer,1996,0,0.0
1861,Luca,Badoer,1999,0,0.0
1862,Luca,Badoer,2009,0,0.0
1863,Lucas,di Grassi,2010,0,0.0
1864,Luciano,Burti,2000,0,0.0
1865,Luciano,Burti,2001,0,0.0
1866,Lucien,Bianchi,1959,0,0.0
1867,Lucien,Bianchi,1960,0,1.0
1868,Lucien,Bianchi,1961,0,0.0
1869,Lucien,Bianchi,1962,0,0.0
1870,Lucien,Bianchi,1963,0,0.0
1871,Lucien,Bianchi,1965,0,0.0
1872,Lucien,Bianchi,1968,0,5.0
1873,Ludovico,Scarfiotti,1963,0,1.0
1874,Ludovico,Scarfiotti,1964,0,0.0
1875,Ludovico,Scarfiotti,1965,0,0.0
1876,Ludovico,Scarfiotti,1966,1,9.0
1877,Ludovico,Scarfiotti,1967,0,1.0
1878,Ludovico,Scarfiotti,1968,0,6.0
1879,Luigi,Fagioli,1950,0,24.0
1880,Luigi,Fagioli,1951,1,4.0
1881,Luigi,Musso,1953,0,0.0
1882,Luigi,Musso,1954,0,6.0
1883,Luigi,Musso,1955,0,6.0
1884,Luigi,Musso,1956,1,4.0
1885,Luigi,Musso,1957,0,16.0
1886,Luigi,Musso,1958,0,12.0
1887,Luigi,Piotti,1955,0,0.0
1888,Luigi,Piotti,1956,0,0.0
1889,Luigi,Piotti,1957,0,0.0
1890,Luigi,Piotti,1958,0,0.0
1891,Luigi,Taramazzo,1958,0,0.0
1892,Luigi,Villoresi,1950,0,0.0
1893,Luigi,Villoresi,1951,0,15.0
1894,Luigi,Villoresi,1952,0,8.0
1895,Luigi,Villoresi,1953,0,17.0
1896,Luigi,Villoresi,1954,0,2.0
1897,Luigi,Villoresi,1955,0,2.0
1898,Luigi,Villoresi,1956,0,2.0
1899,Luis,Pérez-Sala,1988,0,0.0
1900,Luis,Pérez-Sala,1989,0,1.0
1901,Luiz,Bueno,1973,0,0.0
1902,Luki,Botha,1967,0,0.0
1903,Mack,Hellings,1950,0,0.0
1904,Mack,Hellings,1951,0,0.0
1905,Manfred,Winkelhock,1980,0,0.0
1906,Manfred,Winkelhock,1982,0,2.0
1907,Manfred,Winkelhock,1983,0,0.0
1908,Manfred,Winkelhock,1984,0,0.0
1909,Manfred,Winkelhock,1985,0,0.0
1910,Manny,Ayulo,1951,0,2.0
1911,Manny,Ayulo,1952,0,0.0
1912,Manny,Ayulo,1953,0,0.0
1913,Manny,Ayulo,1954,0,0.0
1914,Marc,Gené,1999,0,1.0
1915,Marc,Gené,2000,0,0.0
1916,Marc,Gené,2003,0,4.0
1917,Marc,Gené,2004,0,0.0
1918,Marc,Surer,1979,0,0.0
1919,Marc,Surer,1980,0,0.0
1920,Marc,Surer,1981,0,4.0
1921,Marc,Surer,1982,0,3.0
1922,Marc,Surer,1983,0,4.0
1923,Marc,Surer,1984,0,1.0
1924,Marc,Surer,1985,0,5.0
1925,Marc,Surer,1986,0,0.0
1926,Marcel,Balsa,1952,0,0.0
1927,Marcus,Ericsson,2014,0,0.0
1928,Marcus,Ericsson,2015,0,9.0
1929,Marcus,Ericsson,2016,0,0.0
1930,Marcus,Ericsson,2017,0,0.0
1931,Marcus,Ericsson,2018,0,9.0
1932,Maria,de Filippis,1958,0,0.0
1933,Maria,de Filippis,1959,0,0.0
1934,Mario,Andretti,1968,0,0.0
1935,Mario,Andretti,1969,0,0.0
1936,Mario,Andretti,1970,0,4.0
1937,Mario,Andretti,1971,1,12.0
1938,Mario,Andretti,1972,0,4.0
1939,Mario,Andretti,1974,0,0.0
1940,Mario,Andretti,1975,0,5.0
1941,Mario,Andretti,1976,1,22.0
1942,Mario,Andretti,1977,4,47.0
1943,Mario,Andretti,1978,6,64.0
1944,Mario,Andretti,1979,0,14.0
1945,Mario,Andretti,1980,0,1.0
1946,Mario,Andretti,1981,0,3.0
1947,Mario,Andretti,1982,0,4.0
1948,Mark,Blundell,1991,0,1.0
1949,Mark,Blundell,1993,0,10.0
1950,Mark,Blundell,1994,0,8.0
1951,Mark,Blundell,1995,0,13.0
1952,Mark,Donohue,1971,0,4.0
1953,Mark,Donohue,1974,0,0.0
1954,Mark,Donohue,1975,0,4.0
1955,Mark,Webber,2002,0,2.0
1956,Mark,Webber,2003,0,17.0
1957,Mark,Webber,2004,0,7.0
1958,Mark,Webber,2005,0,36.0
1959,Mark,Webber,2006,0,7.0
1960,Mark,Webber,2007,0,10.0
1961,Mark,Webber,2008,0,21.0
1962,Mark,Webber,2009,2,69.5
1963,Mark,Webber,2010,4,242.0
1964,Mark,Webber,2011,1,258.0
1965,Mark,Webber,2012,2,179.0
1966,Mark,Webber,2013,0,199.0
1967,Marshall,Teague,1953,0,0.0
1968,Marshall,Teague,1954,0,0.0
1969,Marshall,Teague,1957,0,0.0
1970,Martin,Brundle,1984,0,0.0
1971,Martin,Brundle,1985,0,0.0
1972,Martin,Brundle,1986,0,8.0
1973,Martin,Brundle,1987,0,2.0
1974,Martin,Brundle,1988,0,0.0
1975,Martin,Brundle,1989,0,4.0
1976,Martin,Brundle,1991,0,2.0
1977,Martin,Brundle,1992,0,38.0
1978,Martin,Brundle,1993,0,13.0
1979,Martin,Brundle,1994,0,16.0
1980,Martin,Brundle,1995,0,7.0
1981,Martin,Brundle,1996,0,8.0
1982,Martin,Donnelly,1989,0,0.0
1983,Martin,Donnelly,1990,0,0.0
1984,Masahiro,Hasemi,1976,0,0.0
1985,Massimiliano,Papis,1995,0,0.0
1986,Massimo,Natili,1961,0,0.0
1987,Masten,Gregory,1957,0,10.0
1988,Masten,Gregory,1958,0,0.0
1989,Masten,Gregory,1959,0,10.0
1990,Masten,Gregory,1960,0,0.0
1991,Masten,Gregory,1961,0,0.0
1992,Masten,Gregory,1962,0,1.0
1993,Masten,Gregory,1963,0,0.0
1994,Masten,Gregory,1965,0,0.0
1995,Mauri,Rose,1950,0,4.0
1996,Mauri,Rose,1951,0,0.0
1997,Maurice,Trintignant,1950,0,0.0
1998,Maurice,Trintignant,1951,0,0.0
1999,Maurice,Trintignant,1952,0,2.0
2000,Maurice,Trintignant,1953,0,4.0
2001,Maurice,Trintignant,1954,0,17.0
2002,Maurice,Trintignant,1955,1,11.33
2003,Maurice,Trintignant,1956,0,0.0
2004,Maurice,Trintignant,1957,0,5.0
2005,Maurice,Trintignant,1958,1,12.0
2006,Maurice,Trintignant,1959,0,19.0
2007,Maurice,Trintignant,1960,0,0.0
2008,Maurice,Trintignant,1961,0,0.0
2009,Maurice,Trintignant,1962,0,0.0
2010,Maurice,Trintignant,1963,0,0.0
2011,Maurice,Trintignant,1964,0,2.0
2012,Mauro,Baldi,1982,0,2.0
2013,Mauro,Baldi,1983,0,3.0
2014,Mauro,Baldi,1984,0,0.0
2015,Mauro,Baldi,1985,0,0.0
2016,Maurício,Gugelmin,1988,0,5.0
2017,Maurício,Gugelmin,1989,0,4.0
2018,Maurício,Gugelmin,1990,0,1.0
2019,Maurício,Gugelmin,1991,0,0.0
2020,Maurício,Gugelmin,1992,0,0.0
2021,Max,Chilton,2013,0,0.0
2022,Max,Chilton,2014,0,0.0
2023,Max,Jean,1971,0,0.0
2024,Max,Verstappen,2015,0,49.0
2025,Max,Verstappen,2016,1,204.0
2026,Max,Verstappen,2017,2,168.0
2027,Max,Verstappen,2018,2,249.0
2028,Max,Verstappen,2019,3,278.0
2029,Max,Verstappen,2020,1,162.0
2030,Max,de Terra,1952,0,0.0
2031,Max,de Terra,1953,0,0.0
2032,Menato,Boffa,1961,0,0.0
2033,Michael,Andretti,1993,0,7.0
2034,Michael,Bartels,1991,0,0.0
2035,Michael,Bleekemolen,1977,0,0.0
2036,Michael,Bleekemolen,1978,0,0.0
2037,Michael,May,1961,0,0.0
2038,Michael,Schumacher,1991,0,4.0
2039,Michael,Schumacher,1992,1,53.0
2040,Michael,Schumacher,1993,1,52.0
2041,Michael,Schumacher,1994,8,92.0
2042,Michael,Schumacher,1995,9,102.0
2043,Michael,Schumacher,1996,3,59.0
2044,Michael,Schumacher,1997,5,78.0
2045,Michael,Schumacher,1998,6,86.0
2046,Michael,Schumacher,1999,2,44.0
2047,Michael,Schumacher,2000,9,108.0
2048,Michael,Schumacher,2001,9,123.0
2049,Michael,Schumacher,2002,11,144.0
2050,Michael,Schumacher,2003,6,93.0
2051,Michael,Schumacher,2004,13,148.0
2052,Michael,Schumacher,2005,1,62.0
2053,Michael,Schumacher,2006,7,121.0
2054,Michael,Schumacher,2010,0,72.0
2055,Michael,Schumacher,2011,0,76.0
2056,Michael,Schumacher,2012,0,49.0
2057,Michel,Leclère,1975,0,0.0
2058,Michel,Leclère,1976,0,0.0
2059,Michele,Alboreto,1981,0,0.0
2060,Michele,Alboreto,1982,1,25.0
2061,Michele,Alboreto,1983,1,10.0
2062,Michele,Alboreto,1984,1,30.5
2063,Michele,Alboreto,1985,2,53.0
2064,Michele,Alboreto,1986,0,14.0
2065,Michele,Alboreto,1987,0,17.0
2066,Michele,Alboreto,1988,0,24.0
2067,Michele,Alboreto,1989,0,6.0
2068,Michele,Alboreto,1990,0,0.0
2069,Michele,Alboreto,1991,0,0.0
2070,Michele,Alboreto,1992,0,6.0
2071,Michele,Alboreto,1993,0,0.0
2072,Michele,Alboreto,1994,0,1.0
2073,Miguel Ángel,Guerra,1981,0,0.0
2074,Mika,Häkkinen,1991,0,2.0
2075,Mika,Häkkinen,1992,0,11.0
2076,Mika,Häkkinen,1993,0,4.0
2077,Mika,Häkkinen,1994,0,26.0
2078,Mika,Häkkinen,1995,0,17.0
2079,Mika,Häkkinen,1996,0,31.0
2080,Mika,Häkkinen,1997,1,27.0
2081,Mika,Häkkinen,1998,8,100.0
2082,Mika,Häkkinen,1999,5,76.0
2083,Mika,Häkkinen,2000,4,89.0
2084,Mika,Häkkinen,2001,2,37.0
2085,Mika,Salo,1994,0,0.0
2086,Mika,Salo,1995,0,5.0
2087,Mika,Salo,1996,0,5.0
2088,Mika,Salo,1997,0,2.0
2089,Mika,Salo,1998,0,3.0
2090,Mika,Salo,1999,0,10.0
2091,Mika,Salo,2000,0,6.0
2092,Mika,Salo,2002,0,2.0
2093,Mike,Beuttler,1971,0,0.0
2094,Mike,Beuttler,1972,0,0.0
2095,Mike,Beuttler,1973,0,0.0
2096,Mike,Fisher,1967,0,0.0
2097,Mike,Hailwood,1963,0,0.0
2098,Mike,Hailwood,1964,0,1.0
2099,Mike,Hailwood,1965,0,0.0
2100,Mike,Hailwood,1971,0,3.0
2101,Mike,Hailwood,1972,0,13.0
2102,Mike,Hailwood,1973,0,0.0
2103,Mike,Hailwood,1974,0,12.0
2104,Mike,Harris,1962,0,0.0
2105,Mike,Hawthorn,1952,0,10.0
2106,Mike,Hawthorn,1953,1,19.0
2107,Mike,Hawthorn,1954,1,24.64
2108,Mike,Hawthorn,1955,0,0.0
2109,Mike,Hawthorn,1956,0,4.0
2110,Mike,Hawthorn,1957,0,13.0
2111,Mike,Hawthorn,1958,1,42.0
2112,Mike,MacDowel,1957,0,0.0
2113,Mike,Magill,1957,0,0.0
2114,Mike,Magill,1958,0,0.0
2115,Mike,Magill,1959,0,0.0
2116,Mike,Nazaruk,1951,0,6.0
2117,Mike,Nazaruk,1953,0,0.0
2118,Mike,Nazaruk,1954,0,2.0
2119,Mike,Parkes,1959,0,0.0
2120,Mike,Parkes,1966,0,12.0
2121,Mike,Parkes,1967,0,2.0
2122,Mike,Sparken,1955,0,0.0
2123,Mike,Spence,1963,0,0.0
2124,Mike,Spence,1964,0,4.0
2125,Mike,Spence,1965,0,10.0
2126,Mike,Spence,1966,0,4.0
2127,Mike,Spence,1967,0,9.0
2128,Mike,Spence,1968,0,0.0
2129,Mike,Taylor,1959,0,0.0
2130,Mike,Taylor,1960,0,0.0
2131,Mike,Thackwell,1980,0,0.0
2132,Mike,Thackwell,1984,0,0.0
2133,Mike,Wilds,1974,0,0.0
2134,Mike,Wilds,1975,0,0.0
2135,Mike,Wilds,1976,0,0.0
2136,Mikko,Kozarowitzky,1977,0,0.0
2137,Moisés,Solana,1963,0,0.0
2138,Moisés,Solana,1964,0,0.0
2139,Moisés,Solana,1965,0,0.0
2140,Moisés,Solana,1966,0,0.0
2141,Moisés,Solana,1967,0,0.0
2142,Moisés,Solana,1968,0,0.0
2143,Myron,Fohr,1950,0,0.0
2144,Mário de Araújo,Cabral,1959,0,0.0
2145,Mário de Araújo,Cabral,1960,0,0.0
2146,Mário de Araújo,Cabral,1963,0,0.0
2147,Mário de Araújo,Cabral,1964,0,0.0
2148,Nanni,Galli,1970,0,0.0
2149,Nanni,Galli,1971,0,0.0
2150,Nanni,Galli,1972,0,0.0
2151,Nanni,Galli,1973,0,0.0
2152,Naoki,Hattori,1991,0,0.0
2153,Narain,Karthikeyan,2005,0,5.0
2154,Narain,Karthikeyan,2011,0,0.0
2155,Narain,Karthikeyan,2012,0,0.0
2156,Nasif,Estéfano,1960,0,0.0
2157,Nasif,Estéfano,1962,0,0.0
2158,Nasif,Estéfano,1963,0,0.0
2159,Nello,Pagani,1950,0,0.0
2160,Nelson,Piquet,1978,0,0.0
2161,Nelson,Piquet,1979,0,3.0
2162,Nelson,Piquet,1980,3,54.0
2163,Nelson,Piquet,1981,3,50.0
2164,Nelson,Piquet,1982,1,20.0
2165,Nelson,Piquet,1983,3,59.0
2166,Nelson,Piquet,1984,2,29.0
2167,Nelson,Piquet,1985,1,21.0
2168,Nelson,Piquet,1986,4,69.0
2169,Nelson,Piquet,1987,3,73.0
2170,Nelson,Piquet,1988,0,22.0
2171,Nelson,Piquet,1989,0,12.0
2172,Nelson,Piquet,1990,2,43.0
2173,Nelson,Piquet,1991,1,26.5
2174,Nelson,Piquet Jr.,2008,0,19.0
2175,Nelson,Piquet Jr.,2009,0,0.0
2176,Neville,Lederle,1962,0,1.0
2177,Neville,Lederle,1963,0,0.0
2178,Neville,Lederle,1965,0,0.0
2179,Nicholas,Latifi,2020,0,0.0
2180,Nick,Heidfeld,2000,0,0.0
2181,Nick,Heidfeld,2001,0,12.0
2182,Nick,Heidfeld,2002,0,7.0
2183,Nick,Heidfeld,2003,0,6.0
2184,Nick,Heidfeld,2004,0,3.0
2185,Nick,Heidfeld,2005,0,28.0
2186,Nick,Heidfeld,2006,0,23.0
2187,Nick,Heidfeld,2007,0,61.0
2188,Nick,Heidfeld,2008,0,60.0
2189,Nick,Heidfeld,2009,0,19.0
2190,Nick,Heidfeld,2010,0,6.0
2191,Nick,Heidfeld,2011,0,34.0
2192,Nico,Hülkenberg,2010,0,22.0
2193,Nico,Hülkenberg,2012,0,63.0
2194,Nico,Hülkenberg,2013,0,51.0
2195,Nico,Hülkenberg,2014,0,96.0
2196,Nico,Hülkenberg,2015,0,58.0
2197,Nico,Hülkenberg,2016,0,72.0
2198,Nico,Hülkenberg,2017,0,43.0
2199,Nico,Hülkenberg,2018,0,69.0
2200,Nico,Hülkenberg,2019,0,37.0
2201,Nico,Hülkenberg,2020,0,10.0
2202,Nico,Rosberg,2006,0,4.0
2203,Nico,Rosberg,2007,0,20.0
2204,Nico,Rosberg,2008,0,17.0
2205,Nico,Rosberg,2009,0,34.5
2206,Nico,Rosberg,2010,0,142.0
2207,Nico,Rosberg,2011,0,89.0
2208,Nico,Rosberg,2012,1,93.0
2209,Nico,Rosberg,2013,2,171.0
2210,Nico,Rosberg,2014,5,317.0
2211,Nico,Rosberg,2015,6,322.0
2212,Nico,Rosberg,2016,9,385.0
2213,Nicola,Larini,1987,0,0.0
2214,Nicola,Larini,1988,0,0.0
2215,Nicola,Larini,1989,0,0.0
2216,Nicola,Larini,1990,0,0.0
2217,Nicola,Larini,1991,0,0.0
2218,Nicola,Larini,1992,0,0.0
2219,Nicola,Larini,1994,0,6.0
2220,Nicola,Larini,1997,0,1.0
2221,Nicolas,Kiesa,2003,0,0.0
2222,Nigel,Mansell,1980,0,0.0
2223,Nigel,Mansell,1981,0,8.0
2224,Nigel,Mansell,1982,0,7.0
2225,Nigel,Mansell,1983,0,10.0
2226,Nigel,Mansell,1984,0,13.0
2227,Nigel,Mansell,1985,2,31.0
2228,Nigel,Mansell,1986,5,70.0
2229,Nigel,Mansell,1987,6,61.0
2230,Nigel,Mansell,1988,0,12.0
2231,Nigel,Mansell,1989,2,38.0
2232,Nigel,Mansell,1990,1,37.0
2233,Nigel,Mansell,1991,5,72.0
2234,Nigel,Mansell,1992,9,108.0
2235,Nigel,Mansell,1994,1,13.0
2236,Nigel,Mansell,1995,0,0.0
2237,Niki,Lauda,1971,0,0.0
2238,Niki,Lauda,1972,0,0.0
2239,Niki,Lauda,1973,0,2.0
2240,Niki,Lauda,1974,2,38.0
2241,Niki,Lauda,1975,5,64.5
2242,Niki,Lauda,1976,5,68.0
2243,Niki,Lauda,1977,3,72.0
2244,Niki,Lauda,1978,2,44.0
2245,Niki,Lauda,1979,0,4.0
2246,Niki,Lauda,1982,2,30.0
2247,Niki,Lauda,1983,0,12.0
2248,Niki,Lauda,1984,5,72.0
2249,Niki,Lauda,1985,1,14.0
2250,Nino,Farina,1950,3,30.0
2251,Nino,Farina,1951,1,19.0
2252,Nino,Farina,1952,0,24.0
2253,Nino,Farina,1953,1,26.0
2254,Nino,Farina,1954,0,6.0
2255,Nino,Farina,1955,0,10.33
2256,Nino,Vaccarella,1961,0,0.0
2257,Nino,Vaccarella,1962,0,0.0
2258,Nino,Vaccarella,1965,0,0.0
2259,Norberto,Fontana,1997,0,0.0
2260,Noritake,Takahara,1976,0,0.0
2261,Noritake,Takahara,1977,0,0.0
2262,Olivier,Beretta,1994,0,0.0
2263,Olivier,Gendebien,1956,0,2.0
2264,Olivier,Gendebien,1958,0,0.0
2265,Olivier,Gendebien,1959,0,3.0
2266,Olivier,Gendebien,1960,0,10.0
2267,Olivier,Gendebien,1961,0,3.0
2268,Olivier,Grouillard,1989,0,1.0
2269,Olivier,Grouillard,1990,0,0.0
2270,Olivier,Grouillard,1991,0,0.0
2271,Olivier,Grouillard,1992,0,0.0
2272,Olivier,Panis,1994,0,9.0
2273,Olivier,Panis,1995,0,16.0
2274,Olivier,Panis,1996,1,13.0
2275,Olivier,Panis,1997,0,16.0
2276,Olivier,Panis,1998,0,0.0
2277,Olivier,Panis,1999,0,2.0
2278,Olivier,Panis,2001,0,5.0
2279,Olivier,Panis,2002,0,3.0
2280,Olivier,Panis,2003,0,6.0
2281,Olivier,Panis,2004,0,6.0
2282,Onofre,Marimón,1951,0,0.0
2283,Onofre,Marimón,1953,0,4.0
2284,Onofre,Marimón,1954,0,4.14
2285,Oscar,Gálvez,1953,0,2.0
2286,Oscar,Larrauri,1988,0,0.0
2287,Oscar,Larrauri,1989,0,0.0
2288,Oswald,Karch,1953,0,0.0
2289,Otto,Stuppacher,1976,0,0.0
2290,Ottorino,Volonterio,1954,0,0.0
2291,Ottorino,Volonterio,1956,0,0.0
2292,Ottorino,Volonterio,1957,0,0.0
2293,Pablo,Birger,1953,0,0.0
2294,Pablo,Birger,1955,0,0.0
2295,Paco,Godia,1951,0,0.0
2296,Paco,Godia,1954,0,0.0
2297,Paco,Godia,1956,0,6.0
2298,Paco,Godia,1957,0,0.0
2299,Paco,Godia,1958,0,0.0
2300,Paddy,Driver,1963,0,0.0
2301,Paddy,Driver,1974,0,0.0
2302,Paolo,Barilla,1989,0,0.0
2303,Paolo,Barilla,1990,0,0.0
2304,Pascal,Fabre,1987,0,0.0
2305,Pascal,Wehrlein,2016,0,1.0
2306,Pascal,Wehrlein,2017,0,5.0
2307,Pastor,Maldonado,2011,0,1.0
2308,Pastor,Maldonado,2012,1,45.0
2309,Pastor,Maldonado,2013,0,1.0
2310,Pastor,Maldonado,2014,0,2.0
2311,Pastor,Maldonado,2015,0,27.0
2312,Pat,Flaherty,1950,0,0.0
2313,Pat,Flaherty,1953,0,0.0
2314,Pat,Flaherty,1954,0,0.0
2315,Pat,Flaherty,1955,0,0.0
2316,Pat,Flaherty,1956,1,8.0
2317,Pat,Flaherty,1959,0,0.0
2318,Pat,O'Connor,1954,0,0.0
2319,Pat,O'Connor,1955,0,0.0
2320,Pat,O'Connor,1956,0,0.0
2321,Pat,O'Connor,1957,0,0.0
2322,Pat,O'Connor,1958,0,0.0
2323,Patrick,Depailler,1972,0,0.0
2324,Patrick,Depailler,1974,0,14.0
2325,Patrick,Depailler,1975,0,12.0
2326,Patrick,Depailler,1976,0,39.0
2327,Patrick,Depailler,1977,0,20.0
2328,Patrick,Depailler,1978,1,34.0
2329,Patrick,Depailler,1979,1,20.0
2330,Patrick,Depailler,1980,0,0.0
2331,Patrick,Friesacher,2005,0,3.0
2332,Patrick,Gaillard,1979,0,0.0
2333,Patrick,Nève,1976,0,0.0
2334,Patrick,Nève,1977,0,0.0
2335,Patrick,Tambay,1977,0,5.0
2336,Patrick,Tambay,1978,0,8.0
2337,Patrick,Tambay,1979,0,0.0
2338,Patrick,Tambay,1981,0,1.0
2339,Patrick,Tambay,1982,1,25.0
2340,Patrick,Tambay,1983,1,40.0
2341,Patrick,Tambay,1984,0,11.0
2342,Patrick,Tambay,1985,0,11.0
2343,Patrick,Tambay,1986,0,2.0
2344,Paul,Belmondo,1992,0,0.0
2345,Paul,Belmondo,1994,0,0.0
2346,Paul,Emery,1956,0,0.0
2347,Paul,Emery,1958,0,0.0
2348,Paul,England,1957,0,0.0
2349,Paul,Frère,1952,0,2.0
2350,Paul,Frère,1953,0,0.0
2351,Paul,Frère,1954,0,0.0
2352,Paul,Frère,1955,0,3.0
2353,Paul,Frère,1956,0,6.0
2354,Paul,Goldsmith,1958,0,0.0
2355,Paul,Goldsmith,1959,0,2.0
2356,Paul,Goldsmith,1960,0,4.0
2357,Paul,Hawkins,1965,0,0.0
2358,Paul,Pietsch,1950,0,0.0
2359,Paul,Pietsch,1951,0,0.0
2360,Paul,Pietsch,1952,0,0.0
2361,Paul,Russo,1950,0,0.0
2362,Paul,Russo,1953,0,1.5
2363,Paul,Russo,1954,0,0.0
2364,Paul,Russo,1955,0,3.0
2365,Paul,Russo,1956,0,1.0
2366,Paul,Russo,1957,0,3.0
2367,Paul,Russo,1958,0,0.0
2368,Paul,Russo,1959,0,0.0
2369,Paul,di Resta,2011,0,27.0
2370,Paul,di Resta,2012,0,46.0
2371,Paul,di Resta,2013,0,48.0
2372,Paul,di Resta,2017,0,0.0
2373,Pedro,Chaves,1991,0,0.0
2374,Pedro,Diniz,1995,0,0.0
2375,Pedro,Diniz,1996,0,2.0
2376,Pedro,Diniz,1997,0,2.0
2377,Pedro,Diniz,1998,0,3.0
2378,Pedro,Diniz,1999,0,3.0
2379,Pedro,Diniz,2000,0,0.0
2380,Pedro,Lamy,1993,0,0.0
2381,Pedro,Lamy,1994,0,0.0
2382,Pedro,Lamy,1995,0,1.0
2383,Pedro,Lamy,1996,0,0.0
2384,Pedro,Rodríguez,1963,0,0.0
2385,Pedro,Rodríguez,1964,0,1.0
2386,Pedro,Rodríguez,1965,0,2.0
2387,Pedro,Rodríguez,1966,0,0.0
2388,Pedro,Rodríguez,1967,1,15.0
2389,Pedro,Rodríguez,1968,0,18.0
2390,Pedro,Rodríguez,1969,0,3.0
2391,Pedro,Rodríguez,1970,1,23.0
2392,Pedro,Rodríguez,1971,0,9.0
2393,Pedro,de la Rosa,1999,0,1.0
2394,Pedro,de la Rosa,2000,0,2.0
2395,Pedro,de la Rosa,2001,0,3.0
2396,Pedro,de la Rosa,2002,0,0.0
2397,Pedro,de la Rosa,2005,0,4.0
2398,Pedro,de la Rosa,2006,0,19.0
2399,Pedro,de la Rosa,2010,0,6.0
2400,Pedro,de la Rosa,2011,0,0.0
2401,Pedro,de la Rosa,2012,0,0.0
2402,Pete,Lovely,1959,0,0.0
2403,Pete,Lovely,1960,0,0.0
2404,Pete,Lovely,1969,0,0.0
2405,Pete,Lovely,1970,0,0.0
2406,Pete,Lovely,1971,0,0.0
2407,Peter,Arundell,1962,0,0.0
2408,Peter,Arundell,1963,0,0.0
2409,Peter,Arundell,1964,0,11.0
2410,Peter,Arundell,1966,0,1.0
2411,Peter,Ashdown,1959,0,0.0
2412,Peter,Broeker,1963,0,0.0
2413,Peter,Collins,1952,0,0.0
2414,Peter,Collins,1953,0,0.0
2415,Peter,Collins,1954,0,0.0
2416,Peter,Collins,1955,0,0.0
2417,Peter,Collins,1956,2,25.0
2418,Peter,Collins,1957,0,8.0
2419,Peter,Collins,1958,1,14.0
2420,Peter,Gethin,1970,0,1.0
2421,Peter,Gethin,1971,1,9.0
2422,Peter,Gethin,1972,0,1.0
2423,Peter,Gethin,1973,0,0.0
2424,Peter,Gethin,1974,0,0.0
2425,Peter,Hirt,1951,0,0.0
2426,Peter,Hirt,1952,0,0.0
2427,Peter,Hirt,1953,0,0.0
2428,Peter,Monteverdi,1961,0,0.0
2429,Peter,Revson,1964,0,0.0
2430,Peter,Revson,1971,0,0.0
2431,Peter,Revson,1972,0,23.0
2432,Peter,Revson,1973,2,38.0
2433,Peter,Revson,1974,0,0.0
2434,Peter,Ryan,1961,0,0.0
2435,Peter,Walker,1950,0,0.0
2436,Peter,Walker,1951,0,0.0
2437,Peter,Walker,1955,0,0.0
2438,Peter,Westbury,1970,0,0.0
2439,Peter,Whitehead,1950,0,4.0
2440,Peter,Whitehead,1951,0,0.0
2441,Peter,Whitehead,1952,0,0.0
2442,Peter,Whitehead,1953,0,0.0
2443,Peter,Whitehead,1954,0,0.0
2444,Peter,de Klerk,1963,0,0.0
2445,Peter,de Klerk,1965,0,0.0
2446,Peter,de Klerk,1969,0,0.0
2447,Peter,de Klerk,1970,0,0.0
2448,Phil,Cade,1959,0,0.0
2449,Phil,Hill,1958,0,9.0
2450,Phil,Hill,1959,0,20.0
2451,Phil,Hill,1960,1,16.0
2452,Phil,Hill,1961,2,34.0
2453,Phil,Hill,1962,0,14.0
2454,Phil,Hill,1963,0,0.0
2455,Phil,Hill,1964,0,1.0
2456,Phil,Hill,1966,0,0.0
2457,Philip,Fotheringham-Parker,1951,0,0.0
2458,Philippe,Adams,1994,0,0.0
2459,Philippe,Alliot,1984,0,0.0
2460,Philippe,Alliot,1985,0,0.0
2461,Philippe,Alliot,1986,0,1.0
2462,Philippe,Alliot,1987,0,3.0
2463,Philippe,Alliot,1988,0,0.0
2464,Philippe,Alliot,1989,0,1.0
2465,Philippe,Alliot,1990,0,0.0
2466,Philippe,Alliot,1993,0,2.0
2467,Philippe,Alliot,1994,0,0.0
2468,Philippe,Streiff,1984,0,0.0
2469,Philippe,Streiff,1985,0,4.0
2470,Philippe,Streiff,1986,0,3.0
2471,Philippe,Streiff,1987,0,4.0
2472,Philippe,Streiff,1988,0,0.0
2473,Philippe,Étancelin,1950,0,3.0
2474,Philippe,Étancelin,1951,0,0.0
2475,Philippe,Étancelin,1952,0,0.0
2476,Piercarlo,Ghinzani,1981,0,0.0
2477,Piercarlo,Ghinzani,1983,0,0.0
2478,Piercarlo,Ghinzani,1984,0,2.0
2479,Piercarlo,Ghinzani,1985,0,0.0
2480,Piercarlo,Ghinzani,1986,0,0.0
2481,Piercarlo,Ghinzani,1987,0,0.0
2482,Piercarlo,Ghinzani,1988,0,0.0
2483,Piercarlo,Ghinzani,1989,0,0.0
2484,Pierluigi,Martini,1984,0,0.0
2485,Pierluigi,Martini,1985,0,0.0
2486,Pierluigi,Martini,1988,0,1.0
2487,Pierluigi,Martini,1989,0,5.0
2488,Pierluigi,Martini,1990,0,0.0
2489,Pierluigi,Martini,1991,0,6.0
2490,Pierluigi,Martini,1992,0,2.0
2491,Pierluigi,Martini,1993,0,0.0
2492,Pierluigi,Martini,1994,0,4.0
2493,Pierluigi,Martini,1995,0,0.0
2494,Piero,Carini,1952,0,0.0
2495,Piero,Carini,1953,0,0.0
2496,Piero,Drogo,1960,0,0.0
2497,Piero,Dusio,1952,0,0.0
2498,Piero,Scotti,1956,0,0.0
2499,Piero,Taruffi,1950,0,0.0
2500,Piero,Taruffi,1951,0,10.0
2501,Piero,Taruffi,1952,1,22.0
2502,Piero,Taruffi,1954,0,0.0
2503,Piero,Taruffi,1955,0,9.0
2504,Piero,Taruffi,1956,0,0.0
2505,Pierre,Gasly,2017,0,0.0
2506,Pierre,Gasly,2018,0,29.0
2507,Pierre,Gasly,2019,0,95.0
2508,Pierre,Gasly,2020,1,63.0
2509,Pierre,Levegh,1950,0,0.0
2510,Pierre,Levegh,1951,0,0.0
2511,Pierre-Henri,Raphanel,1988,0,0.0
2512,Pierre-Henri,Raphanel,1989,0,0.0
2513,Piers,Courage,1967,0,0.0
2514,Piers,Courage,1968,0,4.0
2515,Piers,Courage,1969,0,16.0
2516,Piers,Courage,1970,0,0.0
2517,Prince,Bira,1950,0,5.0
2518,Prince,Bira,1951,0,0.0
2519,Prince,Bira,1952,0,0.0
2520,Prince,Bira,1953,0,0.0
2521,Prince,Bira,1954,0,3.0
2522,Ralf,Schumacher,1997,0,13.0
2523,Ralf,Schumacher,1998,0,14.0
2524,Ralf,Schumacher,1999,0,35.0
2525,Ralf,Schumacher,2000,0,24.0
2526,Ralf,Schumacher,2001,3,49.0
2527,Ralf,Schumacher,2002,1,42.0
2528,Ralf,Schumacher,2003,2,58.0
2529,Ralf,Schumacher,2004,0,24.0
2530,Ralf,Schumacher,2005,0,45.0
2531,Ralf,Schumacher,2006,0,20.0
2532,Ralf,Schumacher,2007,0,5.0
2533,Ralph,Firman,2003,0,1.0
2534,Raul,Boesel,1982,0,0.0
2535,Raul,Boesel,1983,0,0.0
2536,Ray,Crawford,1955,0,0.0
2537,Ray,Crawford,1956,0,0.0
2538,Ray,Crawford,1959,0,0.0
2539,Ray,Reed,1965,0,0.0
2540,Raymond,Sommer,1950,0,3.0
2541,Red,Amick,1959,0,0.0
2542,Red,Amick,1960,0,0.0
2543,Reg,Parnell,1950,0,4.0
2544,Reg,Parnell,1951,0,5.0
2545,Reg,Parnell,1952,0,0.0
2546,Reg,Parnell,1954,0,0.0
2547,Reine,Wisell,1970,0,4.0
2548,Reine,Wisell,1971,0,9.0
2549,Reine,Wisell,1972,0,0.0
2550,Reine,Wisell,1973,0,0.0
2551,Reine,Wisell,1974,0,0.0
2552,Renato,Pirocchi,1961,0,0.0
2553,Renzo,Zorzi,1975,0,0.0
2554,Renzo,Zorzi,1976,0,0.0
2555,Renzo,Zorzi,1977,0,1.0
2556,René,Arnoux,1978,0,0.0
2557,René,Arnoux,1979,0,17.0
2558,René,Arnoux,1980,2,29.0
2559,René,Arnoux,1981,0,11.0
2560,René,Arnoux,1982,2,28.0
2561,René,Arnoux,1983,3,49.0
2562,René,Arnoux,1984,0,27.0
2563,René,Arnoux,1985,0,3.0
2564,René,Arnoux,1986,0,14.0
2565,René,Arnoux,1987,0,1.0
2566,René,Arnoux,1988,0,0.0
2567,René,Arnoux,1989,0,2.0
2568,Ricardo,Londoño,1981,0,0.0
2569,Ricardo,Rodríguez,1961,0,0.0
2570,Ricardo,Rodríguez,1962,0,4.0
2571,Ricardo,Rosset,1996,0,0.0
2572,Ricardo,Rosset,1998,0,0.0
2573,Ricardo,Zonta,1999,0,0.0
2574,Ricardo,Zonta,2000,0,3.0
2575,Ricardo,Zonta,2001,0,0.0
2576,Ricardo,Zonta,2004,0,0.0
2577,Ricardo,Zunino,1979,0,0.0
2578,Ricardo,Zunino,1980,0,0.0
2579,Ricardo,Zunino,1981,0,0.0
2580,Riccardo,Paletti,1982,0,0.0
2581,Riccardo,Patrese,1977,0,1.0
2582,Riccardo,Patrese,1978,0,11.0
2583,Riccardo,Patrese,1979,0,2.0
2584,Riccardo,Patrese,1980,0,7.0
2585,Riccardo,Patrese,1981,0,10.0
2586,Riccardo,Patrese,1982,1,21.0
2587,Riccardo,Patrese,1983,1,13.0
2588,Riccardo,Patrese,1984,0,8.0
2589,Riccardo,Patrese,1985,0,0.0
2590,Riccardo,Patrese,1986,0,2.0
2591,Riccardo,Patrese,1987,0,6.0
2592,Riccardo,Patrese,1988,0,8.0
2593,Riccardo,Patrese,1989,0,40.0
2594,Riccardo,Patrese,1990,1,23.0
2595,Riccardo,Patrese,1991,2,53.0
2596,Riccardo,Patrese,1992,1,56.0
2597,Riccardo,Patrese,1993,0,20.0
2598,Richard,Attwood,1964,0,0.0
2599,Richard,Attwood,1965,0,2.0
2600,Richard,Attwood,1967,0,0.0
2601,Richard,Attwood,1968,0,6.0
2602,Richard,Attwood,1969,0,3.0
2603,Richard,Robarts,1974,0,0.0
2604,Richie,Ginther,1960,0,8.0
2605,Richie,Ginther,1961,0,16.0
2606,Richie,Ginther,1962,0,10.0
2607,Richie,Ginther,1963,0,29.0
2608,Richie,Ginther,1964,0,23.0
2609,Richie,Ginther,1965,1,11.0
2610,Richie,Ginther,1966,0,5.0
2611,Richie,Ginther,1967,0,0.0
2612,Rikky,von Opel,1973,0,0.0
2613,Rikky,von Opel,1974,0,0.0
2614,Rio,Haryanto,2016,0,0.0
2615,Rob,Schroeder,1962,0,0.0
2616,Rob,Slotemaker,1962,0,0.0
2617,Robert,Doornbos,2005,0,0.0
2618,Robert,Doornbos,2006,0,0.0
2619,Robert,Kubica,2006,0,6.0
2620,Robert,Kubica,2007,0,39.0
2621,Robert,Kubica,2008,1,75.0
2622,Robert,Kubica,2009,0,17.0
2623,Robert,Kubica,2010,0,136.0
2624,Robert,Kubica,2019,0,1.0
2625,Robert,La Caze,1958,0,0.0
2626,Robert,Manzon,1950,0,3.0
2627,Robert,Manzon,1951,0,0.0
2628,Robert,Manzon,1952,0,9.0
2629,Robert,Manzon,1953,0,0.0
2630,Robert,Manzon,1954,0,4.0
2631,Robert,Manzon,1955,0,0.0
2632,Robert,Manzon,1956,0,0.0
2633,Robert,O'Brien,1952,0,0.0
2634,Roberto,Bonomi,1960,0,0.0
2635,Roberto,Bussinello,1961,0,0.0
2636,Roberto,Bussinello,1962,0,0.0
2637,Roberto,Bussinello,1965,0,0.0
2638,Roberto,Guerrero,1982,0,0.0
2639,Roberto,Guerrero,1983,0,0.0
2640,Roberto,Lippi,1961,0,0.0
2641,Roberto,Lippi,1962,0,0.0
2642,Roberto,Lippi,1963,0,0.0
2643,Roberto,Merhi,2015,0,0.0
2644,Roberto,Mieres,1953,0,0.0
2645,Roberto,Mieres,1954,0,6.0
2646,Roberto,Mieres,1955,0,7.0
2647,Roberto,Moreno,1982,0,0.0
2648,Roberto,Moreno,1987,0,1.0
2649,Roberto,Moreno,1989,0,0.0
2650,Roberto,Moreno,1990,0,6.0
2651,Roberto,Moreno,1991,0,8.0
2652,Roberto,Moreno,1995,0,0.0
2653,Robin,Montgomerie-Charrington,1952,0,0.0
2654,Robin,Widdows,1968,0,0.0
2655,Rodger,Ward,1951,0,0.0
2656,Rodger,Ward,1952,0,0.0
2657,Rodger,Ward,1953,0,0.0
2658,Rodger,Ward,1954,0,0.0
2659,Rodger,Ward,1955,0,0.0
2660,Rodger,Ward,1956,0,0.0
2661,Rodger,Ward,1957,0,0.0
2662,Rodger,Ward,1958,0,0.0
2663,Rodger,Ward,1959,1,8.0
2664,Rodger,Ward,1960,0,6.0
2665,Rodger,Ward,1963,0,0.0
2666,Rodney,Nuckey,1953,0,0.0
2667,Rodney,Nuckey,1954,0,0.0
2668,Roelof,Wunderink,1975,0,0.0
2669,Roger,Laurent,1952,0,0.0
2670,Roger,Loyer,1954,0,0.0
2671,Roger,Penske,1961,0,0.0
2672,Roger,Penske,1962,0,0.0
2673,Roger,Williamson,1973,0,0.0
2674,Roland,Ratzenberger,1994,0,0.0
2675,Rolf,Stommelen,1970,0,10.0
2676,Rolf,Stommelen,1971,0,3.0
2677,Rolf,Stommelen,1972,0,0.0
2678,Rolf,Stommelen,1973,0,0.0
2679,Rolf,Stommelen,1974,0,0.0
2680,Rolf,Stommelen,1975,0,0.0
2681,Rolf,Stommelen,1976,0,1.0
2682,Rolf,Stommelen,1978,0,0.0
2683,Romain,Grosjean,2009,0,0.0
2684,Romain,Grosjean,2012,0,96.0
2685,Romain,Grosjean,2013,0,132.0
2686,Romain,Grosjean,2014,0,8.0
2687,Romain,Grosjean,2015,0,51.0
2688,Romain,Grosjean,2016,0,29.0
2689,Romain,Grosjean,2017,0,28.0
2690,Romain,Grosjean,2018,0,37.0
2691,Romain,Grosjean,2019,0,8.0
2692,Romain,Grosjean,2020,0,2.0
2693,Ron,Flockhart,1954,0,0.0
2694,Ron,Flockhart,1956,0,4.0
2695,Ron,Flockhart,1957,0,0.0
2696,Ron,Flockhart,1958,0,0.0
2697,Ron,Flockhart,1959,0,0.0
2698,Ron,Flockhart,1960,0,1.0
2699,Ronnie,Bucknum,1964,0,0.0
2700,Ronnie,Bucknum,1965,0,2.0
2701,Ronnie,Bucknum,1966,0,0.0
2702,Ronnie,Peterson,1970,0,0.0
2703,Ronnie,Peterson,1971,0,33.0
2704,Ronnie,Peterson,1972,0,12.0
2705,Ronnie,Peterson,1973,4,52.0
2706,Ronnie,Peterson,1974,3,35.0
2707,Ronnie,Peterson,1975,0,6.0
2708,Ronnie,Peterson,1976,1,10.0
2709,Ronnie,Peterson,1977,0,7.0
2710,Ronnie,Peterson,1978,2,51.0
2711,Roy,Salvadori,1952,0,0.0
2712,Roy,Salvadori,1953,0,0.0
2713,Roy,Salvadori,1954,0,0.0
2714,Roy,Salvadori,1955,0,0.0
2715,Roy,Salvadori,1956,0,0.0
2716,Roy,Salvadori,1957,0,2.0
2717,Roy,Salvadori,1958,0,15.0
2718,Roy,Salvadori,1959,0,0.0
2719,Roy,Salvadori,1960,0,0.0
2720,Roy,Salvadori,1961,0,2.0
2721,Roy,Salvadori,1962,0,0.0
2722,Rubens,Barrichello,1993,0,2.0
2723,Rubens,Barrichello,1994,0,19.0
2724,Rubens,Barrichello,1995,0,11.0
2725,Rubens,Barrichello,1996,0,14.0
2726,Rubens,Barrichello,1997,0,6.0
2727,Rubens,Barrichello,1998,0,4.0
2728,Rubens,Barrichello,1999,0,21.0
2729,Rubens,Barrichello,2000,1,62.0
2730,Rubens,Barrichello,2001,0,56.0
2731,Rubens,Barrichello,2002,4,77.0
2732,Rubens,Barrichello,2003,2,65.0
2733,Rubens,Barrichello,2004,2,114.0
2734,Rubens,Barrichello,2005,0,38.0
2735,Rubens,Barrichello,2006,0,30.0
2736,Rubens,Barrichello,2007,0,0.0
2737,Rubens,Barrichello,2008,0,11.0
2738,Rubens,Barrichello,2009,2,77.0
2739,Rubens,Barrichello,2010,0,47.0
2740,Rubens,Barrichello,2011,0,4.0
2741,Rudi,Fischer,1951,0,0.0
2742,Rudi,Fischer,1952,0,10.0
2743,Rudolf,Krause,1952,0,0.0
2744,Rudolf,Krause,1953,0,0.0
2745,Rudolf,Schoeller,1952,0,0.0
2746,Rupert,Keegan,1977,0,0.0
2747,Rupert,Keegan,1978,0,0.0
2748,Rupert,Keegan,1980,0,0.0
2749,Rupert,Keegan,1982,0,0.0
2750,Sakon,Yamamoto,2006,0,0.0
2751,Sakon,Yamamoto,2007,0,0.0
2752,Sakon,Yamamoto,2010,0,0.0
2753,Sam,Hanks,1950,0,0.0
2754,Sam,Hanks,1951,0,0.0
2755,Sam,Hanks,1952,0,4.0
2756,Sam,Hanks,1953,0,2.0
2757,Sam,Hanks,1954,0,0.0
2758,Sam,Hanks,1955,0,0.0
2759,Sam,Hanks,1956,0,6.0
2760,Sam,Hanks,1957,1,8.0
2761,Sam,Posey,1971,0,0.0
2762,Sam,Posey,1972,0,0.0
2763,Sam,Tingle,1962,0,0.0
2764,Sam,Tingle,1963,0,0.0
2765,Sam,Tingle,1965,0,0.0
2766,Sam,Tingle,1967,0,0.0
2767,Sam,Tingle,1968,0,0.0
2768,Sam,Tingle,1969,0,0.0
2769,Satoru,Nakajima,1987,0,7.0
2770,Satoru,Nakajima,1988,0,1.0
2771,Satoru,Nakajima,1989,0,3.0
2772,Satoru,Nakajima,1990,0,3.0
2773,Satoru,Nakajima,1991,0,2.0
2774,Scott,Speed,2006,0,0.0
2775,Scott,Speed,2007,0,0.0
2776,Sebastian,Vettel,2007,0,6.0
2777,Sebastian,Vettel,2008,1,35.0
2778,Sebastian,Vettel,2009,4,84.0
2779,Sebastian,Vettel,2010,5,256.0
2780,Sebastian,Vettel,2011,11,392.0
2781,Sebastian,Vettel,2012,5,281.0
2782,Sebastian,Vettel,2013,13,397.0
2783,Sebastian,Vettel,2014,0,167.0
2784,Sebastian,Vettel,2015,3,278.0
2785,Sebastian,Vettel,2016,0,212.0
2786,Sebastian,Vettel,2017,5,317.0
2787,Sebastian,Vettel,2018,5,320.0
2788,Sebastian,Vettel,2019,1,240.0
2789,Sebastian,Vettel,2020,0,18.0
2790,Sergey,Sirotkin,2018,0,1.0
2791,Sergio,Mantovani,1953,0,0.0
2792,Sergio,Mantovani,1954,0,4.0
2793,Sergio,Mantovani,1955,0,0.0
2794,Sergio,Pérez,2011,0,14.0
2795,Sergio,Pérez,2012,0,66.0
2796,Sergio,Pérez,2013,0,49.0
2797,Sergio,Pérez,2014,0,59.0
2798,Sergio,Pérez,2015,0,78.0
2799,Sergio,Pérez,2016,0,101.0
2800,Sergio,Pérez,2017,0,100.0
2801,Sergio,Pérez,2018,0,62.0
2802,Sergio,Pérez,2019,0,52.0
2803,Sergio,Pérez,2020,0,74.0
2804,Shinji,Nakano,1997,0,2.0
2805,Shinji,Nakano,1998,0,0.0
2806,Shorty,Templeman,1955,0,0.0
2807,Shorty,Templeman,1958,0,0.0
2808,Shorty,Templeman,1960,0,0.0
2809,Siegfried,Stohr,1981,0,0.0
2810,Silvio,Moser,1967,0,0.0
2811,Silvio,Moser,1968,0,2.0
2812,Silvio,Moser,1969,0,1.0
2813,Silvio,Moser,1970,0,0.0
2814,Silvio,Moser,1971,0,0.0
2815,Skip,Barber,1971,0,0.0
2816,Skip,Barber,1972,0,0.0
2817,Slim,Borgudd,1981,0,1.0
2818,Slim,Borgudd,1982,0,0.0
2819,Stefan,Bellof,1984,0,0.0
2820,Stefan,Bellof,1985,0,4.0
2821,Stefan,Johansson,1980,0,0.0
2822,Stefan,Johansson,1983,0,0.0
2823,Stefan,Johansson,1984,0,3.0
2824,Stefan,Johansson,1985,0,26.0
2825,Stefan,Johansson,1986,0,23.0
2826,Stefan,Johansson,1987,0,30.0
2827,Stefan,Johansson,1988,0,0.0
2828,Stefan,Johansson,1989,0,6.0
2829,Stefan,Johansson,1990,0,0.0
2830,Stefan,Johansson,1991,0,0.0
2831,Stefano,Modena,1987,0,0.0
2832,Stefano,Modena,1988,0,0.0
2833,Stefano,Modena,1989,0,4.0
2834,Stefano,Modena,1990,0,2.0
2835,Stefano,Modena,1991,0,10.0
2836,Stefano,Modena,1992,0,1.0
2837,Stephen,South,1980,0,0.0
2838,Stirling,Moss,1951,0,0.0
2839,Stirling,Moss,1952,0,0.0
2840,Stirling,Moss,1953,0,0.0
2841,Stirling,Moss,1954,0,4.0
2842,Stirling,Moss,1955,1,23.0
2843,Stirling,Moss,1956,2,27.0
2844,Stirling,Moss,1957,3,25.0
2845,Stirling,Moss,1958,4,41.0
2846,Stirling,Moss,1959,2,25.5
2847,Stirling,Moss,1960,2,19.0
2848,Stirling,Moss,1961,2,21.0
2849,Stoffel,Vandoorne,2016,0,1.0
2850,Stoffel,Vandoorne,2017,0,13.0
2851,Stoffel,Vandoorne,2018,0,12.0
2852,Stuart,Lewis-Evans,1957,0,5.0
2853,Stuart,Lewis-Evans,1958,0,11.0
2854,Syd,van der Vyver,1962,0,0.0
2855,Sébastien,Bourdais,2008,0,4.0
2856,Sébastien,Bourdais,2009,0,2.0
2857,Sébastien,Buemi,2009,0,6.0
2858,Sébastien,Buemi,2010,0,8.0
2859,Sébastien,Buemi,2011,0,15.0
2860,Taki,Inoue,1994,0,0.0
2861,Taki,Inoue,1995,0,0.0
2862,Takuma,Sato,2002,0,2.0
2863,Takuma,Sato,2003,0,3.0
2864,Takuma,Sato,2004,0,34.0
2865,Takuma,Sato,2005,0,1.0
2866,Takuma,Sato,2006,0,0.0
2867,Takuma,Sato,2007,0,4.0
2868,Takuma,Sato,2008,0,0.0
2869,Tarso,Marques,1997,0,0.0
2870,Tarso,Marques,2001,0,0.0
2871,Ted,Whiteaway,1955,0,0.0
2872,Teddy,Pilette,1974,0,0.0
2873,Teddy,Pilette,1977,0,0.0
2874,Teo,Fabi,1982,0,0.0
2875,Teo,Fabi,1984,0,9.0
2876,Teo,Fabi,1985,0,0.0
2877,Teo,Fabi,1986,0,2.0
2878,Teo,Fabi,1987,0,12.0
2879,Theo,Fitzau,1953,0,0.0
2880,Theo,Helfrich,1952,0,0.0
2881,Theo,Helfrich,1953,0,0.0
2882,Theo,Helfrich,1954,0,0.0
2883,Thierry,Boutsen,1983,0,0.0
2884,Thierry,Boutsen,1984,0,5.0
2885,Thierry,Boutsen,1985,0,11.0
2886,Thierry,Boutsen,1986,0,0.0
2887,Thierry,Boutsen,1987,0,16.0
2888,Thierry,Boutsen,1988,0,27.0
2889,Thierry,Boutsen,1989,2,37.0
2890,Thierry,Boutsen,1990,1,34.0
2891,Thierry,Boutsen,1991,0,0.0
2892,Thierry,Boutsen,1992,0,2.0
2893,Thierry,Boutsen,1993,0,0.0
2894,Thomas,Monarch,1963,0,0.0
2895,Tiago,Monteiro,2005,0,7.0
2896,Tiago,Monteiro,2006,0,0.0
2897,Tiff,Needell,1980,0,0.0
2898,Tim,Parnell,1959,0,0.0
2899,Tim,Parnell,1961,0,0.0
2900,Tim,Parnell,1963,0,0.0
2901,Tim,Schenken,1970,0,0.0
2902,Tim,Schenken,1971,0,5.0
2903,Tim,Schenken,1972,0,2.0
2904,Tim,Schenken,1973,0,0.0
2905,Tim,Schenken,1974,0,0.0
2906,Timmy,Mayer,1962,0,0.0
2907,Timo,Glock,2004,0,2.0
2908,Timo,Glock,2008,0,25.0
2909,Timo,Glock,2009,0,24.0
2910,Timo,Glock,2010,0,0.0
2911,Timo,Glock,2011,0,0.0
2912,Timo,Glock,2012,0,0.0
2913,Tom,Belsø,1974,0,0.0
2914,Tom,Bridger,1958,0,0.0
2915,Tom,Jones,1967,0,0.0
2916,Tom,Pryce,1974,0,1.0
2917,Tom,Pryce,1975,0,8.0
2918,Tom,Pryce,1976,0,10.0
2919,Tom,Pryce,1977,0,0.0
2920,Tommy,Byrne,1982,0,0.0
2921,Tomáš,Enge,2001,0,0.0
2922,Toni,Branca,1950,0,0.0
2923,Toni,Branca,1951,0,0.0
2924,Toni,Ulmen,1952,0,0.0
2925,Tony,Bettenhausen,1950,0,1.0
2926,Tony,Bettenhausen,1951,0,0.0
2927,Tony,Bettenhausen,1952,0,0.0
2928,Tony,Bettenhausen,1953,0,0.0
2929,Tony,Bettenhausen,1954,0,0.0
2930,Tony,Bettenhausen,1955,0,3.0
2931,Tony,Bettenhausen,1956,0,0.0
2932,Tony,Bettenhausen,1957,0,0.0
2933,Tony,Bettenhausen,1958,0,4.0
2934,Tony,Bettenhausen,1959,0,3.0
2935,Tony,Bettenhausen,1960,0,0.0
2936,Tony,Brise,1975,0,1.0
2937,Tony,Brooks,1956,0,0.0
2938,Tony,Brooks,1957,1,11.0
2939,Tony,Brooks,1958,3,24.0
2940,Tony,Brooks,1959,2,27.0
2941,Tony,Brooks,1960,0,7.0
2942,Tony,Brooks,1961,0,6.0
2943,Tony,Crook,1952,0,0.0
2944,Tony,Crook,1953,0,0.0
2945,Tony,Gaze,1952,0,0.0
2946,Tony,Maggs,1961,0,0.0
2947,Tony,Maggs,1962,0,13.0
2948,Tony,Maggs,1963,0,9.0
2949,Tony,Maggs,1964,0,4.0
2950,Tony,Maggs,1965,0,0.0
2951,Tony,Marsh,1957,0,0.0
2952,Tony,Marsh,1958,0,0.0
2953,Tony,Marsh,1961,0,0.0
2954,Tony,Marsh,1962,0,0.0
2955,Tony,Rolt,1950,0,0.0
2956,Tony,Rolt,1953,0,0.0
2957,Tony,Rolt,1955,0,0.0
2958,Tony,Settember,1962,0,0.0
2959,Tony,Settember,1963,0,0.0
2960,Tony,Shelly,1962,0,0.0
2961,Tony,Trimmer,1975,0,0.0
2962,Tony,Trimmer,1976,0,0.0
2963,Tony,Trimmer,1977,0,0.0
2964,Tony,Trimmer,1978,0,0.0
2965,Toranosuke,Takagi,1998,0,0.0
2966,Toranosuke,Takagi,1999,0,0.0
2967,Torsten,Palm,1975,0,0.0
2968,Toshio,Suzuki,1993,0,0.0
2969,Toulo,de Graffenried,1950,0,0.0
2970,Toulo,de Graffenried,1951,0,2.0
2971,Toulo,de Graffenried,1952,0,0.0
2972,Toulo,de Graffenried,1953,0,7.0
2973,Toulo,de Graffenried,1954,0,0.0
2974,Toulo,de Graffenried,1956,0,0.0
2975,Travis,Webb,1950,0,0.0
2976,Travis,Webb,1952,0,0.0
2977,Travis,Webb,1953,0,0.0
2978,Travis,Webb,1954,0,0.0
2979,Trevor,Blokdyk,1963,0,0.0
2980,Trevor,Blokdyk,1965,0,0.0
2981,Trevor,Taylor,1959,0,0.0
2982,Trevor,Taylor,1961,0,0.0
2983,Trevor,Taylor,1962,0,6.0
2984,Trevor,Taylor,1963,0,1.0
2985,Trevor,Taylor,1964,0,1.0
2986,Trevor,Taylor,1966,0,0.0
2987,Troy,Ruttman,1950,0,0.0
2988,Troy,Ruttman,1951,0,0.0
2989,Troy,Ruttman,1952,1,8.0
2990,Troy,Ruttman,1954,0,1.5
2991,Troy,Ruttman,1956,0,0.0
2992,Troy,Ruttman,1957,0,0.0
2993,Troy,Ruttman,1958,0,0.0
2994,Troy,Ruttman,1960,0,0.0
2995,Ukyo,Katayama,1992,0,0.0
2996,Ukyo,Katayama,1993,0,0.0
2997,Ukyo,Katayama,1994,0,5.0
2998,Ukyo,Katayama,1995,0,0.0
2999,Ukyo,Katayama,1996,0,0.0
3000,Ukyo,Katayama,1997,0,0.0
3001,Umberto,Maglioli,1953,0,0.0
3002,Umberto,Maglioli,1954,0,2.0
3003,Umberto,Maglioli,1955,0,1.33
3004,Umberto,Maglioli,1956,0,0.0
3005,Umberto,Maglioli,1957,0,0.0
3006,Valtteri,Bottas,2013,0,4.0
3007,Valtteri,Bottas,2014,0,186.0
3008,Valtteri,Bottas,2015,0,136.0
3009,Valtteri,Bottas,2016,0,85.0
3010,Valtteri,Bottas,2017,3,305.0
3011,Valtteri,Bottas,2018,0,247.0
3012,Valtteri,Bottas,2019,4,326.0
3013,Valtteri,Bottas,2020,2,179.0
3014,Vern,Schuppan,1974,0,0.0
3015,Vern,Schuppan,1975,0,0.0
3016,Vern,Schuppan,1977,0,0.0
3017,Vic,Elford,1968,0,5.0
3018,Vic,Elford,1969,0,3.0
3019,Vic,Elford,1971,0,0.0
3020,Vic,Wilson,1960,0,0.0
3021,Vic,Wilson,1966,0,0.0
3022,Vitaly,Petrov,2010,0,27.0
3023,Vitaly,Petrov,2011,0,37.0
3024,Vitaly,Petrov,2012,0,0.0
3025,Vitantonio,Liuzzi,2005,0,1.0
3026,Vitantonio,Liuzzi,2006,0,1.0
3027,Vitantonio,Liuzzi,2007,0,3.0
3028,Vitantonio,Liuzzi,2009,0,0.0
3029,Vitantonio,Liuzzi,2010,0,21.0
3030,Vitantonio,Liuzzi,2011,0,0.0
3031,Vittorio,Brambilla,1974,0,1.0
3032,Vittorio,Brambilla,1975,1,6.5
3033,Vittorio,Brambilla,1976,0,1.0
3034,Vittorio,Brambilla,1977,0,6.0
3035,Vittorio,Brambilla,1978,0,1.0
3036,Vittorio,Brambilla,1979,0,0.0
3037,Vittorio,Brambilla,1980,0,0.0
3038,Volker,Weidler,1989,0,0.0
3039,Walt,Ader,1950,0,0.0
3040,Walt,Brown,1950,0,0.0
3041,Walt,Brown,1951,0,0.0
3042,Walt,Faulkner,1950,0,0.0
3043,Walt,Faulkner,1951,0,0.0
3044,Walt,Faulkner,1953,0,0.0
3045,Walt,Faulkner,1954,0,0.0
3046,Walt,Faulkner,1955,0,1.0
3047,Walt,Hansgen,1961,0,0.0
3048,Walt,Hansgen,1963,0,0.0
3049,Walt,Hansgen,1964,0,2.0
3050,Warwick,Brown,1976,0,0.0
3051,Wayne,Weiler,1960,0,0.0
3052,Will,Stevens,2014,0,0.0
3053,Will,Stevens,2015,0,0.0
3054,Willi,Heeks,1952,0,0.0
3055,Willi,Heeks,1953,0,0.0
3056,Willy,Mairesse,1960,0,4.0
3057,Willy,Mairesse,1961,0,0.0
3058,Willy,Mairesse,1962,0,3.0
3059,Willy,Mairesse,1963,0,0.0
3060,Wilson,Fittipaldi,1972,0,0.0
3061,Wilson,Fittipaldi,1973,0,3.0
3062,Wilson,Fittipaldi,1975,0,0.0
3063,Wolfgang,Seidel,1953,0,0.0
3064,Wolfgang,Seidel,1958,0,0.0
3065,Wolfgang,Seidel,1960,0,0.0
3066,Wolfgang,Seidel,1961,0,0.0
3067,Wolfgang,Seidel,1962,0,0.0
3068,Wolfgang,von Trips,1956,0,0.0
3069,Wolfgang,von Trips,1957,0,4.0
3070,Wolfgang,von Trips,1958,0,9.0
3071,Wolfgang,von Trips,1959,0,0.0
3072,Wolfgang,von Trips,1960,0,10.0
3073,Wolfgang,von Trips,1961,2,33.0
3074,Yannick,Dalmas,1987,0,0.0
3075,Yannick,Dalmas,1988,0,0.0
3076,Yannick,Dalmas,1989,0,0.0
3077,Yannick,Dalmas,1990,0,0.0
3078,Yannick,Dalmas,1994,0,0.0
3079,Yuji,Ide,2006,0,0.0
3080,Yves,Cabantous,1950,0,3.0
3081,Yves,Cabantous,1951,0,2.0
3082,Yves,Cabantous,1952,0,0.0
3083,Yves,Cabantous,1953,0,0.0
3084,Zsolt,Baumgartner,2003,0,0.0
3085,Zsolt,Baumgartner,2004,0,1.0
3086,Élie,Bayol,1952,0,0.0
3087,Élie,Bayol,1953,0,0.0
3088,Élie,Bayol,1954,0,2.0
3089,Élie,Bayol,1955,0,0.0
3090,Élie,Bayol,1956,0,0.0
3091,Éric,Bernard,1989,0,0.0
3092,Éric,Bernard,1990,0,5.0
3093,Éric,Bernard,1991,0,1.0
3094,Éric,Bernard,1994,0,4.0
3095,Érik,Comas,1991,0,0.0
3096,Érik,Comas,1992,0,4.0
3097,Érik,Comas,1993,0,1.0
3098,Érik,Comas,1994,0,2.0
3099,Óscar,González,1956,0,0.0
